2026-02-17 10:18:49.039 [JavaFX Application Thread] INFO  com.vending.database.DatabaseConfig - Database connected successfully
2026-02-17 10:18:49.057 [JavaFX Application Thread] INFO  com.vending.ui.VendingApp - Database initialized
2026-02-17 10:19:04.105 [Thread-3] INFO  com.vending.service.AuthService - User admin@system.ru logged in successfully
2026-02-17 10:19:35.488 [JavaFX Application Thread] WARN  Exposed - Transaction attempt #0 failed: org.postgresql.util.PSQLException: ОШИБКА: столбец "machine_id" в таблице "notifications" не существует
  Позиция: 49. Statement(s): INSERT INTO notifications (created_at, is_read, machine_id, message, title, "type") VALUES (?, ?, ?, ?, ?, ?)
org.jetbrains.exposed.exceptions.ExposedSQLException: org.postgresql.util.PSQLException: ОШИБКА: столбец "machine_id" в таблице "notifications" не существует
  Позиция: 49
	at org.jetbrains.exposed.sql.statements.Statement.executeIn$exposed_core(Statement.kt:94)
	at org.jetbrains.exposed.sql.Transaction.exec(Transaction.kt:244)
	at org.jetbrains.exposed.sql.Transaction.exec(Transaction.kt:221)
	at org.jetbrains.exposed.sql.statements.Statement.execute(Statement.kt:55)
	at org.jetbrains.exposed.sql.QueriesKt.insert(Queries.kt:144)
	at com.vending.dao.NotificationDAO.create$lambda$6(DataDAOs.kt:236)
	at org.jetbrains.exposed.sql.transactions.ThreadLocalTransactionManagerKt.inTopLevelTransaction$run(ThreadLocalTransactionManager.kt:306)
	at org.jetbrains.exposed.sql.transactions.ThreadLocalTransactionManagerKt.access$inTopLevelTransaction$run(ThreadLocalTransactionManager.kt:1)
	at org.jetbrains.exposed.sql.transactions.ThreadLocalTransactionManagerKt$inTopLevelTransaction$1.invoke(ThreadLocalTransactionManager.kt:353)
	at org.jetbrains.exposed.sql.transactions.ThreadLocalTransactionManagerKt.keepAndRestoreTransactionRefAfterRun(ThreadLocalTransactionManager.kt:361)
	at org.jetbrains.exposed.sql.transactions.ThreadLocalTransactionManagerKt.inTopLevelTransaction(ThreadLocalTransactionManager.kt:352)
	at org.jetbrains.exposed.sql.transactions.ThreadLocalTransactionManagerKt$transaction$1.invoke(ThreadLocalTransactionManager.kt:261)
	at org.jetbrains.exposed.sql.transactions.ThreadLocalTransactionManagerKt.keepAndRestoreTransactionRefAfterRun(ThreadLocalTransactionManager.kt:361)
	at org.jetbrains.exposed.sql.transactions.ThreadLocalTransactionManagerKt.transaction(ThreadLocalTransactionManager.kt:231)
	at org.jetbrains.exposed.sql.transactions.ThreadLocalTransactionManagerKt.transaction(ThreadLocalTransactionManager.kt:209)
	at org.jetbrains.exposed.sql.transactions.ThreadLocalTransactionManagerKt.transaction$default(ThreadLocalTransactionManager.kt:208)
	at com.vending.dao.NotificationDAO.create(DataDAOs.kt:235)
	at com.vending.service.NotificationService.push(NotificationService.kt:56)
	at com.vending.service.NotificationService.startSimulation$lambda$15(NotificationService.kt:191)
	at com.sun.scenario.animation.shared.TimelineClipCore.visitKeyFrame(TimelineClipCore.java:239)
	at com.sun.scenario.animation.shared.TimelineClipCore.playTo(TimelineClipCore.java:180)
	at javafx.animation.Timeline.doPlayTo(Timeline.java:172)
	at javafx.animation.AnimationAccessorImpl.playTo(AnimationAccessorImpl.java:39)
	at com.sun.scenario.animation.shared.InfiniteClipEnvelope.timePulse(InfiniteClipEnvelope.java:104)
	at javafx.animation.Animation.doTimePulse(Animation.java:1189)
	at javafx.animation.Animation$1.lambda$timePulse$0(Animation.java:207)
	at java.base/java.security.AccessController.doPrivileged(AccessController.java:400)
	at javafx.animation.Animation$1.timePulse(Animation.java:206)
	at com.sun.scenario.animation.AbstractPrimaryTimer.timePulseImpl(AbstractPrimaryTimer.java:343)
	at com.sun.scenario.animation.AbstractPrimaryTimer$MainLoop.run(AbstractPrimaryTimer.java:266)
	at com.sun.javafx.tk.quantum.QuantumToolkit.pulse(QuantumToolkit.java:588)
	at com.sun.javafx.tk.quantum.QuantumToolkit.pulse(QuantumToolkit.java:572)
	at com.sun.javafx.tk.quantum.QuantumToolkit.pulseFromQueue(QuantumToolkit.java:565)
	at com.sun.javafx.tk.quantum.QuantumToolkit.lambda$runToolkit$11(QuantumToolkit.java:352)
	at com.sun.glass.ui.InvokeLaterDispatcher$Future.run(InvokeLaterDispatcher.java:95)
	at com.sun.glass.ui.win.WinApplication._runLoop(Native Method)
	at com.sun.glass.ui.win.WinApplication.lambda$runLoop$3(WinApplication.java:185)
	at java.base/java.lang.Thread.run(Thread.java:1583)
Caused by: org.postgresql.util.PSQLException: ОШИБКА: столбец "machine_id" в таблице "notifications" не существует
  Позиция: 49
	at org.postgresql.core.v3.QueryExecutorImpl.receiveErrorResponse(QueryExecutorImpl.java:2712)
	at org.postgresql.core.v3.QueryExecutorImpl.processResults(QueryExecutorImpl.java:2400)
	at org.postgresql.core.v3.QueryExecutorImpl.execute(QueryExecutorImpl.java:367)
	at org.postgresql.jdbc.PgStatement.executeInternal(PgStatement.java:498)
	at org.postgresql.jdbc.PgStatement.execute(PgStatement.java:415)
	at org.postgresql.jdbc.PgPreparedStatement.executeWithFlags(PgPreparedStatement.java:190)
	at org.postgresql.jdbc.PgPreparedStatement.executeUpdate(PgPreparedStatement.java:152)
	at org.jetbrains.exposed.sql.statements.jdbc.JdbcPreparedStatementImpl.executeUpdate(JdbcPreparedStatementImpl.kt:55)
	at org.jetbrains.exposed.sql.statements.InsertStatement.execInsertFunction(InsertStatement.kt:158)
	at org.jetbrains.exposed.sql.statements.InsertStatement.executeInternal(InsertStatement.kt:168)
	at org.jetbrains.exposed.sql.statements.InsertStatement.executeInternal(InsertStatement.kt:18)
	at org.jetbrains.exposed.sql.statements.Statement.executeIn$exposed_core(Statement.kt:92)
	... 37 common frames omitted
2026-02-17 10:19:35.493 [JavaFX Application Thread] WARN  Exposed - Wait 0 milliseconds before retrying
2026-02-17 10:19:35.580 [JavaFX Application Thread] WARN  Exposed - Transaction attempt #1 failed: org.postgresql.util.PSQLException: ОШИБКА: столбец "machine_id" в таблице "notifications" не существует
  Позиция: 49. Statement(s): INSERT INTO notifications (created_at, is_read, machine_id, message, title, "type") VALUES (?, ?, ?, ?, ?, ?)
org.jetbrains.exposed.exceptions.ExposedSQLException: org.postgresql.util.PSQLException: ОШИБКА: столбец "machine_id" в таблице "notifications" не существует
  Позиция: 49
	at org.jetbrains.exposed.sql.statements.Statement.executeIn$exposed_core(Statement.kt:94)
	at org.jetbrains.exposed.sql.Transaction.exec(Transaction.kt:244)
	at org.jetbrains.exposed.sql.Transaction.exec(Transaction.kt:221)
	at org.jetbrains.exposed.sql.statements.Statement.execute(Statement.kt:55)
	at org.jetbrains.exposed.sql.QueriesKt.insert(Queries.kt:144)
	at com.vending.dao.NotificationDAO.create$lambda$6(DataDAOs.kt:236)
	at org.jetbrains.exposed.sql.transactions.ThreadLocalTransactionManagerKt.inTopLevelTransaction$run(ThreadLocalTransactionManager.kt:306)
	at org.jetbrains.exposed.sql.transactions.ThreadLocalTransactionManagerKt.access$inTopLevelTransaction$run(ThreadLocalTransactionManager.kt:1)
	at org.jetbrains.exposed.sql.transactions.ThreadLocalTransactionManagerKt$inTopLevelTransaction$1.invoke(ThreadLocalTransactionManager.kt:353)
	at org.jetbrains.exposed.sql.transactions.ThreadLocalTransactionManagerKt.keepAndRestoreTransactionRefAfterRun(ThreadLocalTransactionManager.kt:361)
	at org.jetbrains.exposed.sql.transactions.ThreadLocalTransactionManagerKt.inTopLevelTransaction(ThreadLocalTransactionManager.kt:352)
	at org.jetbrains.exposed.sql.transactions.ThreadLocalTransactionManagerKt$transaction$1.invoke(ThreadLocalTransactionManager.kt:261)
	at org.jetbrains.exposed.sql.transactions.ThreadLocalTransactionManagerKt.keepAndRestoreTransactionRefAfterRun(ThreadLocalTransactionManager.kt:361)
	at org.jetbrains.exposed.sql.transactions.ThreadLocalTransactionManagerKt.transaction(ThreadLocalTransactionManager.kt:231)
	at org.jetbrains.exposed.sql.transactions.ThreadLocalTransactionManagerKt.transaction(ThreadLocalTransactionManager.kt:209)
	at org.jetbrains.exposed.sql.transactions.ThreadLocalTransactionManagerKt.transaction$default(ThreadLocalTransactionManager.kt:208)
	at com.vending.dao.NotificationDAO.create(DataDAOs.kt:235)
	at com.vending.service.NotificationService.push(NotificationService.kt:56)
	at com.vending.service.NotificationService.startSimulation$lambda$15(NotificationService.kt:191)
	at com.sun.scenario.animation.shared.TimelineClipCore.visitKeyFrame(TimelineClipCore.java:239)
	at com.sun.scenario.animation.shared.TimelineClipCore.playTo(TimelineClipCore.java:180)
	at javafx.animation.Timeline.doPlayTo(Timeline.java:172)
	at javafx.animation.AnimationAccessorImpl.playTo(AnimationAccessorImpl.java:39)
	at com.sun.scenario.animation.shared.InfiniteClipEnvelope.timePulse(InfiniteClipEnvelope.java:104)
	at javafx.animation.Animation.doTimePulse(Animation.java:1189)
	at javafx.animation.Animation$1.lambda$timePulse$0(Animation.java:207)
	at java.base/java.security.AccessController.doPrivileged(AccessController.java:400)
	at javafx.animation.Animation$1.timePulse(Animation.java:206)
	at com.sun.scenario.animation.AbstractPrimaryTimer.timePulseImpl(AbstractPrimaryTimer.java:343)
	at com.sun.scenario.animation.AbstractPrimaryTimer$MainLoop.run(AbstractPrimaryTimer.java:266)
	at com.sun.javafx.tk.quantum.QuantumToolkit.pulse(QuantumToolkit.java:588)
	at com.sun.javafx.tk.quantum.QuantumToolkit.pulse(QuantumToolkit.java:572)
	at com.sun.javafx.tk.quantum.QuantumToolkit.pulseFromQueue(QuantumToolkit.java:565)
	at com.sun.javafx.tk.quantum.QuantumToolkit.lambda$runToolkit$11(QuantumToolkit.java:352)
	at com.sun.glass.ui.InvokeLaterDispatcher$Future.run(InvokeLaterDispatcher.java:95)
	at com.sun.glass.ui.win.WinApplication._runLoop(Native Method)
	at com.sun.glass.ui.win.WinApplication.lambda$runLoop$3(WinApplication.java:185)
	at java.base/java.lang.Thread.run(Thread.java:1583)
Caused by: org.postgresql.util.PSQLException: ОШИБКА: столбец "machine_id" в таблице "notifications" не существует
  Позиция: 49
	at org.postgresql.core.v3.QueryExecutorImpl.receiveErrorResponse(QueryExecutorImpl.java:2712)
	at org.postgresql.core.v3.QueryExecutorImpl.processResults(QueryExecutorImpl.java:2400)
	at org.postgresql.core.v3.QueryExecutorImpl.execute(QueryExecutorImpl.java:367)
	at org.postgresql.jdbc.PgStatement.executeInternal(PgStatement.java:498)
	at org.postgresql.jdbc.PgStatement.execute(PgStatement.java:415)
	at org.postgresql.jdbc.PgPreparedStatement.executeWithFlags(PgPreparedStatement.java:190)
	at org.postgresql.jdbc.PgPreparedStatement.executeUpdate(PgPreparedStatement.java:152)
	at org.jetbrains.exposed.sql.statements.jdbc.JdbcPreparedStatementImpl.executeUpdate(JdbcPreparedStatementImpl.kt:55)
	at org.jetbrains.exposed.sql.statements.InsertStatement.execInsertFunction(InsertStatement.kt:158)
	at org.jetbrains.exposed.sql.statements.InsertStatement.executeInternal(InsertStatement.kt:168)
	at org.jetbrains.exposed.sql.statements.InsertStatement.executeInternal(InsertStatement.kt:18)
	at org.jetbrains.exposed.sql.statements.Statement.executeIn$exposed_core(Statement.kt:92)
	... 37 common frames omitted
2026-02-17 10:19:35.582 [JavaFX Application Thread] WARN  Exposed - Wait 0 milliseconds before retrying
2026-02-17 10:19:35.681 [JavaFX Application Thread] WARN  Exposed - Transaction attempt #2 failed: org.postgresql.util.PSQLException: ОШИБКА: столбец "machine_id" в таблице "notifications" не существует
  Позиция: 49. Statement(s): INSERT INTO notifications (created_at, is_read, machine_id, message, title, "type") VALUES (?, ?, ?, ?, ?, ?)
org.jetbrains.exposed.exceptions.ExposedSQLException: org.postgresql.util.PSQLException: ОШИБКА: столбец "machine_id" в таблице "notifications" не существует
  Позиция: 49
	at org.jetbrains.exposed.sql.statements.Statement.executeIn$exposed_core(Statement.kt:94)
	at org.jetbrains.exposed.sql.Transaction.exec(Transaction.kt:244)
	at org.jetbrains.exposed.sql.Transaction.exec(Transaction.kt:221)
	at org.jetbrains.exposed.sql.statements.Statement.execute(Statement.kt:55)
	at org.jetbrains.exposed.sql.QueriesKt.insert(Queries.kt:144)
	at com.vending.dao.NotificationDAO.create$lambda$6(DataDAOs.kt:236)
	at org.jetbrains.exposed.sql.transactions.ThreadLocalTransactionManagerKt.inTopLevelTransaction$run(ThreadLocalTransactionManager.kt:306)
	at org.jetbrains.exposed.sql.transactions.ThreadLocalTransactionManagerKt.access$inTopLevelTransaction$run(ThreadLocalTransactionManager.kt:1)
	at org.jetbrains.exposed.sql.transactions.ThreadLocalTransactionManagerKt$inTopLevelTransaction$1.invoke(ThreadLocalTransactionManager.kt:353)
	at org.jetbrains.exposed.sql.transactions.ThreadLocalTransactionManagerKt.keepAndRestoreTransactionRefAfterRun(ThreadLocalTransactionManager.kt:361)
	at org.jetbrains.exposed.sql.transactions.ThreadLocalTransactionManagerKt.inTopLevelTransaction(ThreadLocalTransactionManager.kt:352)
	at org.jetbrains.exposed.sql.transactions.ThreadLocalTransactionManagerKt$transaction$1.invoke(ThreadLocalTransactionManager.kt:261)
	at org.jetbrains.exposed.sql.transactions.ThreadLocalTransactionManagerKt.keepAndRestoreTransactionRefAfterRun(ThreadLocalTransactionManager.kt:361)
	at org.jetbrains.exposed.sql.transactions.ThreadLocalTransactionManagerKt.transaction(ThreadLocalTransactionManager.kt:231)
	at org.jetbrains.exposed.sql.transactions.ThreadLocalTransactionManagerKt.transaction(ThreadLocalTransactionManager.kt:209)
	at org.jetbrains.exposed.sql.transactions.ThreadLocalTransactionManagerKt.transaction$default(ThreadLocalTransactionManager.kt:208)
	at com.vending.dao.NotificationDAO.create(DataDAOs.kt:235)
	at com.vending.service.NotificationService.push(NotificationService.kt:56)
	at com.vending.service.NotificationService.startSimulation$lambda$15(NotificationService.kt:191)
	at com.sun.scenario.animation.shared.TimelineClipCore.visitKeyFrame(TimelineClipCore.java:239)
	at com.sun.scenario.animation.shared.TimelineClipCore.playTo(TimelineClipCore.java:180)
	at javafx.animation.Timeline.doPlayTo(Timeline.java:172)
	at javafx.animation.AnimationAccessorImpl.playTo(AnimationAccessorImpl.java:39)
	at com.sun.scenario.animation.shared.InfiniteClipEnvelope.timePulse(InfiniteClipEnvelope.java:104)
	at javafx.animation.Animation.doTimePulse(Animation.java:1189)
	at javafx.animation.Animation$1.lambda$timePulse$0(Animation.java:207)
	at java.base/java.security.AccessController.doPrivileged(AccessController.java:400)
	at javafx.animation.Animation$1.timePulse(Animation.java:206)
	at com.sun.scenario.animation.AbstractPrimaryTimer.timePulseImpl(AbstractPrimaryTimer.java:343)
	at com.sun.scenario.animation.AbstractPrimaryTimer$MainLoop.run(AbstractPrimaryTimer.java:266)
	at com.sun.javafx.tk.quantum.QuantumToolkit.pulse(QuantumToolkit.java:588)
	at com.sun.javafx.tk.quantum.QuantumToolkit.pulse(QuantumToolkit.java:572)
	at com.sun.javafx.tk.quantum.QuantumToolkit.pulseFromQueue(QuantumToolkit.java:565)
	at com.sun.javafx.tk.quantum.QuantumToolkit.lambda$runToolkit$11(QuantumToolkit.java:352)
	at com.sun.glass.ui.InvokeLaterDispatcher$Future.run(InvokeLaterDispatcher.java:95)
	at com.sun.glass.ui.win.WinApplication._runLoop(Native Method)
	at com.sun.glass.ui.win.WinApplication.lambda$runLoop$3(WinApplication.java:185)
	at java.base/java.lang.Thread.run(Thread.java:1583)
Caused by: org.postgresql.util.PSQLException: ОШИБКА: столбец "machine_id" в таблице "notifications" не существует
  Позиция: 49
	at org.postgresql.core.v3.QueryExecutorImpl.receiveErrorResponse(QueryExecutorImpl.java:2712)
	at org.postgresql.core.v3.QueryExecutorImpl.processResults(QueryExecutorImpl.java:2400)
	at org.postgresql.core.v3.QueryExecutorImpl.execute(QueryExecutorImpl.java:367)
	at org.postgresql.jdbc.PgStatement.executeInternal(PgStatement.java:498)
	at org.postgresql.jdbc.PgStatement.execute(PgStatement.java:415)
	at org.postgresql.jdbc.PgPreparedStatement.executeWithFlags(PgPreparedStatement.java:190)
	at org.postgresql.jdbc.PgPreparedStatement.executeUpdate(PgPreparedStatement.java:152)
	at org.jetbrains.exposed.sql.statements.jdbc.JdbcPreparedStatementImpl.executeUpdate(JdbcPreparedStatementImpl.kt:55)
	at org.jetbrains.exposed.sql.statements.InsertStatement.execInsertFunction(InsertStatement.kt:158)
	at org.jetbrains.exposed.sql.statements.InsertStatement.executeInternal(InsertStatement.kt:168)
	at org.jetbrains.exposed.sql.statements.InsertStatement.executeInternal(InsertStatement.kt:18)
	at org.jetbrains.exposed.sql.statements.Statement.executeIn$exposed_core(Statement.kt:92)
	... 37 common frames omitted
2026-02-17 10:19:35.683 [JavaFX Application Thread] WARN  com.vending.service.NotificationService - Could not save notification to DB: org.postgresql.util.PSQLException: ОШИБКА: столбец "machine_id" в таблице "notifications" не существует
  Позиция: 49
2026-02-17 10:20:04.945 [JavaFX Application Thread] WARN  Exposed - Transaction attempt #0 failed: org.postgresql.util.PSQLException: ОШИБКА: столбец "machine_id" в таблице "notifications" не существует
  Позиция: 49. Statement(s): INSERT INTO notifications (created_at, is_read, machine_id, message, title, "type") VALUES (?, ?, ?, ?, ?, ?)
org.jetbrains.exposed.exceptions.ExposedSQLException: org.postgresql.util.PSQLException: ОШИБКА: столбец "machine_id" в таблице "notifications" не существует
  Позиция: 49
	at org.jetbrains.exposed.sql.statements.Statement.executeIn$exposed_core(Statement.kt:94)
	at org.jetbrains.exposed.sql.Transaction.exec(Transaction.kt:244)
	at org.jetbrains.exposed.sql.Transaction.exec(Transaction.kt:221)
	at org.jetbrains.exposed.sql.statements.Statement.execute(Statement.kt:55)
	at org.jetbrains.exposed.sql.QueriesKt.insert(Queries.kt:144)
	at com.vending.dao.NotificationDAO.create$lambda$6(DataDAOs.kt:236)
	at org.jetbrains.exposed.sql.transactions.ThreadLocalTransactionManagerKt.inTopLevelTransaction$run(ThreadLocalTransactionManager.kt:306)
	at org.jetbrains.exposed.sql.transactions.ThreadLocalTransactionManagerKt.access$inTopLevelTransaction$run(ThreadLocalTransactionManager.kt:1)
	at org.jetbrains.exposed.sql.transactions.ThreadLocalTransactionManagerKt$inTopLevelTransaction$1.invoke(ThreadLocalTransactionManager.kt:353)
	at org.jetbrains.exposed.sql.transactions.ThreadLocalTransactionManagerKt.keepAndRestoreTransactionRefAfterRun(ThreadLocalTransactionManager.kt:361)
	at org.jetbrains.exposed.sql.transactions.ThreadLocalTransactionManagerKt.inTopLevelTransaction(ThreadLocalTransactionManager.kt:352)
	at org.jetbrains.exposed.sql.transactions.ThreadLocalTransactionManagerKt$transaction$1.invoke(ThreadLocalTransactionManager.kt:261)
	at org.jetbrains.exposed.sql.transactions.ThreadLocalTransactionManagerKt.keepAndRestoreTransactionRefAfterRun(ThreadLocalTransactionManager.kt:361)
	at org.jetbrains.exposed.sql.transactions.ThreadLocalTransactionManagerKt.transaction(ThreadLocalTransactionManager.kt:231)
	at org.jetbrains.exposed.sql.transactions.ThreadLocalTransactionManagerKt.transaction(ThreadLocalTransactionManager.kt:209)
	at org.jetbrains.exposed.sql.transactions.ThreadLocalTransactionManagerKt.transaction$default(ThreadLocalTransactionManager.kt:208)
	at com.vending.dao.NotificationDAO.create(DataDAOs.kt:235)
	at com.vending.service.NotificationService.push(NotificationService.kt:56)
	at com.vending.service.NotificationService.startSimulation$lambda$15(NotificationService.kt:191)
	at com.sun.scenario.animation.shared.TimelineClipCore.visitKeyFrame(TimelineClipCore.java:239)
	at com.sun.scenario.animation.shared.TimelineClipCore.playTo(TimelineClipCore.java:180)
	at javafx.animation.Timeline.doPlayTo(Timeline.java:172)
	at javafx.animation.AnimationAccessorImpl.playTo(AnimationAccessorImpl.java:39)
	at com.sun.scenario.animation.shared.InfiniteClipEnvelope.timePulse(InfiniteClipEnvelope.java:104)
	at javafx.animation.Animation.doTimePulse(Animation.java:1189)
	at javafx.animation.Animation$1.lambda$timePulse$0(Animation.java:207)
	at java.base/java.security.AccessController.doPrivileged(AccessController.java:400)
	at javafx.animation.Animation$1.timePulse(Animation.java:206)
	at com.sun.scenario.animation.AbstractPrimaryTimer.timePulseImpl(AbstractPrimaryTimer.java:343)
	at com.sun.scenario.animation.AbstractPrimaryTimer$MainLoop.run(AbstractPrimaryTimer.java:266)
	at com.sun.javafx.tk.quantum.QuantumToolkit.pulse(QuantumToolkit.java:588)
	at com.sun.javafx.tk.quantum.QuantumToolkit.pulse(QuantumToolkit.java:572)
	at com.sun.javafx.tk.quantum.QuantumToolkit.pulseFromQueue(QuantumToolkit.java:565)
	at com.sun.javafx.tk.quantum.QuantumToolkit.lambda$runToolkit$11(QuantumToolkit.java:352)
	at com.sun.glass.ui.InvokeLaterDispatcher$Future.run(InvokeLaterDispatcher.java:95)
	at com.sun.glass.ui.win.WinApplication._runLoop(Native Method)
	at com.sun.glass.ui.win.WinApplication.lambda$runLoop$3(WinApplication.java:185)
	at java.base/java.lang.Thread.run(Thread.java:1583)
Caused by: org.postgresql.util.PSQLException: ОШИБКА: столбец "machine_id" в таблице "notifications" не существует
  Позиция: 49
	at org.postgresql.core.v3.QueryExecutorImpl.receiveErrorResponse(QueryExecutorImpl.java:2712)
	at org.postgresql.core.v3.QueryExecutorImpl.processResults(QueryExecutorImpl.java:2400)
	at org.postgresql.core.v3.QueryExecutorImpl.execute(QueryExecutorImpl.java:367)
	at org.postgresql.jdbc.PgStatement.executeInternal(PgStatement.java:498)
	at org.postgresql.jdbc.PgStatement.execute(PgStatement.java:415)
	at org.postgresql.jdbc.PgPreparedStatement.executeWithFlags(PgPreparedStatement.java:190)
	at org.postgresql.jdbc.PgPreparedStatement.executeUpdate(PgPreparedStatement.java:152)
	at org.jetbrains.exposed.sql.statements.jdbc.JdbcPreparedStatementImpl.executeUpdate(JdbcPreparedStatementImpl.kt:55)
	at org.jetbrains.exposed.sql.statements.InsertStatement.execInsertFunction(InsertStatement.kt:158)
	at org.jetbrains.exposed.sql.statements.InsertStatement.executeInternal(InsertStatement.kt:168)
	at org.jetbrains.exposed.sql.statements.InsertStatement.executeInternal(InsertStatement.kt:18)
	at org.jetbrains.exposed.sql.statements.Statement.executeIn$exposed_core(Statement.kt:92)
	... 37 common frames omitted
2026-02-17 10:20:04.945 [JavaFX Application Thread] WARN  Exposed - Wait 0 milliseconds before retrying
2026-02-17 10:20:05.052 [JavaFX Application Thread] WARN  Exposed - Transaction attempt #1 failed: org.postgresql.util.PSQLException: ОШИБКА: столбец "machine_id" в таблице "notifications" не существует
  Позиция: 49. Statement(s): INSERT INTO notifications (created_at, is_read, machine_id, message, title, "type") VALUES (?, ?, ?, ?, ?, ?)
org.jetbrains.exposed.exceptions.ExposedSQLException: org.postgresql.util.PSQLException: ОШИБКА: столбец "machine_id" в таблице "notifications" не существует
  Позиция: 49
	at org.jetbrains.exposed.sql.statements.Statement.executeIn$exposed_core(Statement.kt:94)
	at org.jetbrains.exposed.sql.Transaction.exec(Transaction.kt:244)
	at org.jetbrains.exposed.sql.Transaction.exec(Transaction.kt:221)
	at org.jetbrains.exposed.sql.statements.Statement.execute(Statement.kt:55)
	at org.jetbrains.exposed.sql.QueriesKt.insert(Queries.kt:144)
	at com.vending.dao.NotificationDAO.create$lambda$6(DataDAOs.kt:236)
	at org.jetbrains.exposed.sql.transactions.ThreadLocalTransactionManagerKt.inTopLevelTransaction$run(ThreadLocalTransactionManager.kt:306)
	at org.jetbrains.exposed.sql.transactions.ThreadLocalTransactionManagerKt.access$inTopLevelTransaction$run(ThreadLocalTransactionManager.kt:1)
	at org.jetbrains.exposed.sql.transactions.ThreadLocalTransactionManagerKt$inTopLevelTransaction$1.invoke(ThreadLocalTransactionManager.kt:353)
	at org.jetbrains.exposed.sql.transactions.ThreadLocalTransactionManagerKt.keepAndRestoreTransactionRefAfterRun(ThreadLocalTransactionManager.kt:361)
	at org.jetbrains.exposed.sql.transactions.ThreadLocalTransactionManagerKt.inTopLevelTransaction(ThreadLocalTransactionManager.kt:352)
	at org.jetbrains.exposed.sql.transactions.ThreadLocalTransactionManagerKt$transaction$1.invoke(ThreadLocalTransactionManager.kt:261)
	at org.jetbrains.exposed.sql.transactions.ThreadLocalTransactionManagerKt.keepAndRestoreTransactionRefAfterRun(ThreadLocalTransactionManager.kt:361)
	at org.jetbrains.exposed.sql.transactions.ThreadLocalTransactionManagerKt.transaction(ThreadLocalTransactionManager.kt:231)
	at org.jetbrains.exposed.sql.transactions.ThreadLocalTransactionManagerKt.transaction(ThreadLocalTransactionManager.kt:209)
	at org.jetbrains.exposed.sql.transactions.ThreadLocalTransactionManagerKt.transaction$default(ThreadLocalTransactionManager.kt:208)
	at com.vending.dao.NotificationDAO.create(DataDAOs.kt:235)
	at com.vending.service.NotificationService.push(NotificationService.kt:56)
	at com.vending.service.NotificationService.startSimulation$lambda$15(NotificationService.kt:191)
	at com.sun.scenario.animation.shared.TimelineClipCore.visitKeyFrame(TimelineClipCore.java:239)
	at com.sun.scenario.animation.shared.TimelineClipCore.playTo(TimelineClipCore.java:180)
	at javafx.animation.Timeline.doPlayTo(Timeline.java:172)
	at javafx.animation.AnimationAccessorImpl.playTo(AnimationAccessorImpl.java:39)
	at com.sun.scenario.animation.shared.InfiniteClipEnvelope.timePulse(InfiniteClipEnvelope.java:104)
	at javafx.animation.Animation.doTimePulse(Animation.java:1189)
	at javafx.animation.Animation$1.lambda$timePulse$0(Animation.java:207)
	at java.base/java.security.AccessController.doPrivileged(AccessController.java:400)
	at javafx.animation.Animation$1.timePulse(Animation.java:206)
	at com.sun.scenario.animation.AbstractPrimaryTimer.timePulseImpl(AbstractPrimaryTimer.java:343)
	at com.sun.scenario.animation.AbstractPrimaryTimer$MainLoop.run(AbstractPrimaryTimer.java:266)
	at com.sun.javafx.tk.quantum.QuantumToolkit.pulse(QuantumToolkit.java:588)
	at com.sun.javafx.tk.quantum.QuantumToolkit.pulse(QuantumToolkit.java:572)
	at com.sun.javafx.tk.quantum.QuantumToolkit.pulseFromQueue(QuantumToolkit.java:565)
	at com.sun.javafx.tk.quantum.QuantumToolkit.lambda$runToolkit$11(QuantumToolkit.java:352)
	at com.sun.glass.ui.InvokeLaterDispatcher$Future.run(InvokeLaterDispatcher.java:95)
	at com.sun.glass.ui.win.WinApplication._runLoop(Native Method)
	at com.sun.glass.ui.win.WinApplication.lambda$runLoop$3(WinApplication.java:185)
	at java.base/java.lang.Thread.run(Thread.java:1583)
Caused by: org.postgresql.util.PSQLException: ОШИБКА: столбец "machine_id" в таблице "notifications" не существует
  Позиция: 49
	at org.postgresql.core.v3.QueryExecutorImpl.receiveErrorResponse(QueryExecutorImpl.java:2712)
	at org.postgresql.core.v3.QueryExecutorImpl.processResults(QueryExecutorImpl.java:2400)
	at org.postgresql.core.v3.QueryExecutorImpl.execute(QueryExecutorImpl.java:367)
	at org.postgresql.jdbc.PgStatement.executeInternal(PgStatement.java:498)
	at org.postgresql.jdbc.PgStatement.execute(PgStatement.java:415)
	at org.postgresql.jdbc.PgPreparedStatement.executeWithFlags(PgPreparedStatement.java:190)
	at org.postgresql.jdbc.PgPreparedStatement.executeUpdate(PgPreparedStatement.java:152)
	at org.jetbrains.exposed.sql.statements.jdbc.JdbcPreparedStatementImpl.executeUpdate(JdbcPreparedStatementImpl.kt:55)
	at org.jetbrains.exposed.sql.statements.InsertStatement.execInsertFunction(InsertStatement.kt:158)
	at org.jetbrains.exposed.sql.statements.InsertStatement.executeInternal(InsertStatement.kt:168)
	at org.jetbrains.exposed.sql.statements.InsertStatement.executeInternal(InsertStatement.kt:18)
	at org.jetbrains.exposed.sql.statements.Statement.executeIn$exposed_core(Statement.kt:92)
	... 37 common frames omitted
2026-02-17 10:20:05.052 [JavaFX Application Thread] WARN  Exposed - Wait 0 milliseconds before retrying
2026-02-17 10:20:05.173 [JavaFX Application Thread] WARN  Exposed - Transaction attempt #2 failed: org.postgresql.util.PSQLException: ОШИБКА: столбец "machine_id" в таблице "notifications" не существует
  Позиция: 49. Statement(s): INSERT INTO notifications (created_at, is_read, machine_id, message, title, "type") VALUES (?, ?, ?, ?, ?, ?)
org.jetbrains.exposed.exceptions.ExposedSQLException: org.postgresql.util.PSQLException: ОШИБКА: столбец "machine_id" в таблице "notifications" не существует
  Позиция: 49
	at org.jetbrains.exposed.sql.statements.Statement.executeIn$exposed_core(Statement.kt:94)
	at org.jetbrains.exposed.sql.Transaction.exec(Transaction.kt:244)
	at org.jetbrains.exposed.sql.Transaction.exec(Transaction.kt:221)
	at org.jetbrains.exposed.sql.statements.Statement.execute(Statement.kt:55)
	at org.jetbrains.exposed.sql.QueriesKt.insert(Queries.kt:144)
	at com.vending.dao.NotificationDAO.create$lambda$6(DataDAOs.kt:236)
	at org.jetbrains.exposed.sql.transactions.ThreadLocalTransactionManagerKt.inTopLevelTransaction$run(ThreadLocalTransactionManager.kt:306)
	at org.jetbrains.exposed.sql.transactions.ThreadLocalTransactionManagerKt.access$inTopLevelTransaction$run(ThreadLocalTransactionManager.kt:1)
	at org.jetbrains.exposed.sql.transactions.ThreadLocalTransactionManagerKt$inTopLevelTransaction$1.invoke(ThreadLocalTransactionManager.kt:353)
	at org.jetbrains.exposed.sql.transactions.ThreadLocalTransactionManagerKt.keepAndRestoreTransactionRefAfterRun(ThreadLocalTransactionManager.kt:361)
	at org.jetbrains.exposed.sql.transactions.ThreadLocalTransactionManagerKt.inTopLevelTransaction(ThreadLocalTransactionManager.kt:352)
	at org.jetbrains.exposed.sql.transactions.ThreadLocalTransactionManagerKt$transaction$1.invoke(ThreadLocalTransactionManager.kt:261)
	at org.jetbrains.exposed.sql.transactions.ThreadLocalTransactionManagerKt.keepAndRestoreTransactionRefAfterRun(ThreadLocalTransactionManager.kt:361)
	at org.jetbrains.exposed.sql.transactions.ThreadLocalTransactionManagerKt.transaction(ThreadLocalTransactionManager.kt:231)
	at org.jetbrains.exposed.sql.transactions.ThreadLocalTransactionManagerKt.transaction(ThreadLocalTransactionManager.kt:209)
	at org.jetbrains.exposed.sql.transactions.ThreadLocalTransactionManagerKt.transaction$default(ThreadLocalTransactionManager.kt:208)
	at com.vending.dao.NotificationDAO.create(DataDAOs.kt:235)
	at com.vending.service.NotificationService.push(NotificationService.kt:56)
	at com.vending.service.NotificationService.startSimulation$lambda$15(NotificationService.kt:191)
	at com.sun.scenario.animation.shared.TimelineClipCore.visitKeyFrame(TimelineClipCore.java:239)
	at com.sun.scenario.animation.shared.TimelineClipCore.playTo(TimelineClipCore.java:180)
	at javafx.animation.Timeline.doPlayTo(Timeline.java:172)
	at javafx.animation.AnimationAccessorImpl.playTo(AnimationAccessorImpl.java:39)
	at com.sun.scenario.animation.shared.InfiniteClipEnvelope.timePulse(InfiniteClipEnvelope.java:104)
	at javafx.animation.Animation.doTimePulse(Animation.java:1189)
	at javafx.animation.Animation$1.lambda$timePulse$0(Animation.java:207)
	at java.base/java.security.AccessController.doPrivileged(AccessController.java:400)
	at javafx.animation.Animation$1.timePulse(Animation.java:206)
	at com.sun.scenario.animation.AbstractPrimaryTimer.timePulseImpl(AbstractPrimaryTimer.java:343)
	at com.sun.scenario.animation.AbstractPrimaryTimer$MainLoop.run(AbstractPrimaryTimer.java:266)
	at com.sun.javafx.tk.quantum.QuantumToolkit.pulse(QuantumToolkit.java:588)
	at com.sun.javafx.tk.quantum.QuantumToolkit.pulse(QuantumToolkit.java:572)
	at com.sun.javafx.tk.quantum.QuantumToolkit.pulseFromQueue(QuantumToolkit.java:565)
	at com.sun.javafx.tk.quantum.QuantumToolkit.lambda$runToolkit$11(QuantumToolkit.java:352)
	at com.sun.glass.ui.InvokeLaterDispatcher$Future.run(InvokeLaterDispatcher.java:95)
	at com.sun.glass.ui.win.WinApplication._runLoop(Native Method)
	at com.sun.glass.ui.win.WinApplication.lambda$runLoop$3(WinApplication.java:185)
	at java.base/java.lang.Thread.run(Thread.java:1583)
Caused by: org.postgresql.util.PSQLException: ОШИБКА: столбец "machine_id" в таблице "notifications" не существует
  Позиция: 49
	at org.postgresql.core.v3.QueryExecutorImpl.receiveErrorResponse(QueryExecutorImpl.java:2712)
	at org.postgresql.core.v3.QueryExecutorImpl.processResults(QueryExecutorImpl.java:2400)
	at org.postgresql.core.v3.QueryExecutorImpl.execute(QueryExecutorImpl.java:367)
	at org.postgresql.jdbc.PgStatement.executeInternal(PgStatement.java:498)
	at org.postgresql.jdbc.PgStatement.execute(PgStatement.java:415)
	at org.postgresql.jdbc.PgPreparedStatement.executeWithFlags(PgPreparedStatement.java:190)
	at org.postgresql.jdbc.PgPreparedStatement.executeUpdate(PgPreparedStatement.java:152)
	at org.jetbrains.exposed.sql.statements.jdbc.JdbcPreparedStatementImpl.executeUpdate(JdbcPreparedStatementImpl.kt:55)
	at org.jetbrains.exposed.sql.statements.InsertStatement.execInsertFunction(InsertStatement.kt:158)
	at org.jetbrains.exposed.sql.statements.InsertStatement.executeInternal(InsertStatement.kt:168)
	at org.jetbrains.exposed.sql.statements.InsertStatement.executeInternal(InsertStatement.kt:18)
	at org.jetbrains.exposed.sql.statements.Statement.executeIn$exposed_core(Statement.kt:92)
	... 37 common frames omitted
2026-02-17 10:20:05.175 [JavaFX Application Thread] WARN  com.vending.service.NotificationService - Could not save notification to DB: org.postgresql.util.PSQLException: ОШИБКА: столбец "machine_id" в таблице "notifications" не существует
  Позиция: 49
2026-02-17 10:20:34.924 [JavaFX Application Thread] WARN  Exposed - Transaction attempt #0 failed: org.postgresql.util.PSQLException: ОШИБКА: столбец "machine_id" в таблице "notifications" не существует
  Позиция: 49. Statement(s): INSERT INTO notifications (created_at, is_read, machine_id, message, title, "type") VALUES (?, ?, ?, ?, ?, ?)
org.jetbrains.exposed.exceptions.ExposedSQLException: org.postgresql.util.PSQLException: ОШИБКА: столбец "machine_id" в таблице "notifications" не существует
  Позиция: 49
	at org.jetbrains.exposed.sql.statements.Statement.executeIn$exposed_core(Statement.kt:94)
	at org.jetbrains.exposed.sql.Transaction.exec(Transaction.kt:244)
	at org.jetbrains.exposed.sql.Transaction.exec(Transaction.kt:221)
	at org.jetbrains.exposed.sql.statements.Statement.execute(Statement.kt:55)
	at org.jetbrains.exposed.sql.QueriesKt.insert(Queries.kt:144)
	at com.vending.dao.NotificationDAO.create$lambda$6(DataDAOs.kt:236)
	at org.jetbrains.exposed.sql.transactions.ThreadLocalTransactionManagerKt.inTopLevelTransaction$run(ThreadLocalTransactionManager.kt:306)
	at org.jetbrains.exposed.sql.transactions.ThreadLocalTransactionManagerKt.access$inTopLevelTransaction$run(ThreadLocalTransactionManager.kt:1)
	at org.jetbrains.exposed.sql.transactions.ThreadLocalTransactionManagerKt$inTopLevelTransaction$1.invoke(ThreadLocalTransactionManager.kt:353)
	at org.jetbrains.exposed.sql.transactions.ThreadLocalTransactionManagerKt.keepAndRestoreTransactionRefAfterRun(ThreadLocalTransactionManager.kt:361)
	at org.jetbrains.exposed.sql.transactions.ThreadLocalTransactionManagerKt.inTopLevelTransaction(ThreadLocalTransactionManager.kt:352)
	at org.jetbrains.exposed.sql.transactions.ThreadLocalTransactionManagerKt$transaction$1.invoke(ThreadLocalTransactionManager.kt:261)
	at org.jetbrains.exposed.sql.transactions.ThreadLocalTransactionManagerKt.keepAndRestoreTransactionRefAfterRun(ThreadLocalTransactionManager.kt:361)
	at org.jetbrains.exposed.sql.transactions.ThreadLocalTransactionManagerKt.transaction(ThreadLocalTransactionManager.kt:231)
	at org.jetbrains.exposed.sql.transactions.ThreadLocalTransactionManagerKt.transaction(ThreadLocalTransactionManager.kt:209)
	at org.jetbrains.exposed.sql.transactions.ThreadLocalTransactionManagerKt.transaction$default(ThreadLocalTransactionManager.kt:208)
	at com.vending.dao.NotificationDAO.create(DataDAOs.kt:235)
	at com.vending.service.NotificationService.push(NotificationService.kt:56)
	at com.vending.service.NotificationService.startSimulation$lambda$15(NotificationService.kt:191)
	at com.sun.scenario.animation.shared.TimelineClipCore.visitKeyFrame(TimelineClipCore.java:239)
	at com.sun.scenario.animation.shared.TimelineClipCore.playTo(TimelineClipCore.java:180)
	at javafx.animation.Timeline.doPlayTo(Timeline.java:172)
	at javafx.animation.AnimationAccessorImpl.playTo(AnimationAccessorImpl.java:39)
	at com.sun.scenario.animation.shared.InfiniteClipEnvelope.timePulse(InfiniteClipEnvelope.java:104)
	at javafx.animation.Animation.doTimePulse(Animation.java:1189)
	at javafx.animation.Animation$1.lambda$timePulse$0(Animation.java:207)
	at java.base/java.security.AccessController.doPrivileged(AccessController.java:400)
	at javafx.animation.Animation$1.timePulse(Animation.java:206)
	at com.sun.scenario.animation.AbstractPrimaryTimer.timePulseImpl(AbstractPrimaryTimer.java:343)
	at com.sun.scenario.animation.AbstractPrimaryTimer$MainLoop.run(AbstractPrimaryTimer.java:266)
	at com.sun.javafx.tk.quantum.QuantumToolkit.pulse(QuantumToolkit.java:588)
	at com.sun.javafx.tk.quantum.QuantumToolkit.pulse(QuantumToolkit.java:572)
	at com.sun.javafx.tk.quantum.QuantumToolkit.pulseFromQueue(QuantumToolkit.java:565)
	at com.sun.javafx.tk.quantum.QuantumToolkit.lambda$runToolkit$11(QuantumToolkit.java:352)
	at com.sun.glass.ui.InvokeLaterDispatcher$Future.run(InvokeLaterDispatcher.java:95)
	at com.sun.glass.ui.win.WinApplication._runLoop(Native Method)
	at com.sun.glass.ui.win.WinApplication.lambda$runLoop$3(WinApplication.java:185)
	at java.base/java.lang.Thread.run(Thread.java:1583)
Caused by: org.postgresql.util.PSQLException: ОШИБКА: столбец "machine_id" в таблице "notifications" не существует
  Позиция: 49
	at org.postgresql.core.v3.QueryExecutorImpl.receiveErrorResponse(QueryExecutorImpl.java:2712)
	at org.postgresql.core.v3.QueryExecutorImpl.processResults(QueryExecutorImpl.java:2400)
	at org.postgresql.core.v3.QueryExecutorImpl.execute(QueryExecutorImpl.java:367)
	at org.postgresql.jdbc.PgStatement.executeInternal(PgStatement.java:498)
	at org.postgresql.jdbc.PgStatement.execute(PgStatement.java:415)
	at org.postgresql.jdbc.PgPreparedStatement.executeWithFlags(PgPreparedStatement.java:190)
	at org.postgresql.jdbc.PgPreparedStatement.executeUpdate(PgPreparedStatement.java:152)
	at org.jetbrains.exposed.sql.statements.jdbc.JdbcPreparedStatementImpl.executeUpdate(JdbcPreparedStatementImpl.kt:55)
	at org.jetbrains.exposed.sql.statements.InsertStatement.execInsertFunction(InsertStatement.kt:158)
	at org.jetbrains.exposed.sql.statements.InsertStatement.executeInternal(InsertStatement.kt:168)
	at org.jetbrains.exposed.sql.statements.InsertStatement.executeInternal(InsertStatement.kt:18)
	at org.jetbrains.exposed.sql.statements.Statement.executeIn$exposed_core(Statement.kt:92)
	... 37 common frames omitted
2026-02-17 10:20:34.924 [JavaFX Application Thread] WARN  Exposed - Wait 0 milliseconds before retrying
2026-02-17 10:20:35.019 [JavaFX Application Thread] WARN  Exposed - Transaction attempt #1 failed: org.postgresql.util.PSQLException: ОШИБКА: столбец "machine_id" в таблице "notifications" не существует
  Позиция: 49. Statement(s): INSERT INTO notifications (created_at, is_read, machine_id, message, title, "type") VALUES (?, ?, ?, ?, ?, ?)
org.jetbrains.exposed.exceptions.ExposedSQLException: org.postgresql.util.PSQLException: ОШИБКА: столбец "machine_id" в таблице "notifications" не существует
  Позиция: 49
	at org.jetbrains.exposed.sql.statements.Statement.executeIn$exposed_core(Statement.kt:94)
	at org.jetbrains.exposed.sql.Transaction.exec(Transaction.kt:244)
	at org.jetbrains.exposed.sql.Transaction.exec(Transaction.kt:221)
	at org.jetbrains.exposed.sql.statements.Statement.execute(Statement.kt:55)
	at org.jetbrains.exposed.sql.QueriesKt.insert(Queries.kt:144)
	at com.vending.dao.NotificationDAO.create$lambda$6(DataDAOs.kt:236)
	at org.jetbrains.exposed.sql.transactions.ThreadLocalTransactionManagerKt.inTopLevelTransaction$run(ThreadLocalTransactionManager.kt:306)
	at org.jetbrains.exposed.sql.transactions.ThreadLocalTransactionManagerKt.access$inTopLevelTransaction$run(ThreadLocalTransactionManager.kt:1)
	at org.jetbrains.exposed.sql.transactions.ThreadLocalTransactionManagerKt$inTopLevelTransaction$1.invoke(ThreadLocalTransactionManager.kt:353)
	at org.jetbrains.exposed.sql.transactions.ThreadLocalTransactionManagerKt.keepAndRestoreTransactionRefAfterRun(ThreadLocalTransactionManager.kt:361)
	at org.jetbrains.exposed.sql.transactions.ThreadLocalTransactionManagerKt.inTopLevelTransaction(ThreadLocalTransactionManager.kt:352)
	at org.jetbrains.exposed.sql.transactions.ThreadLocalTransactionManagerKt$transaction$1.invoke(ThreadLocalTransactionManager.kt:261)
	at org.jetbrains.exposed.sql.transactions.ThreadLocalTransactionManagerKt.keepAndRestoreTransactionRefAfterRun(ThreadLocalTransactionManager.kt:361)
	at org.jetbrains.exposed.sql.transactions.ThreadLocalTransactionManagerKt.transaction(ThreadLocalTransactionManager.kt:231)
	at org.jetbrains.exposed.sql.transactions.ThreadLocalTransactionManagerKt.transaction(ThreadLocalTransactionManager.kt:209)
	at org.jetbrains.exposed.sql.transactions.ThreadLocalTransactionManagerKt.transaction$default(ThreadLocalTransactionManager.kt:208)
	at com.vending.dao.NotificationDAO.create(DataDAOs.kt:235)
	at com.vending.service.NotificationService.push(NotificationService.kt:56)
	at com.vending.service.NotificationService.startSimulation$lambda$15(NotificationService.kt:191)
	at com.sun.scenario.animation.shared.TimelineClipCore.visitKeyFrame(TimelineClipCore.java:239)
	at com.sun.scenario.animation.shared.TimelineClipCore.playTo(TimelineClipCore.java:180)
	at javafx.animation.Timeline.doPlayTo(Timeline.java:172)
	at javafx.animation.AnimationAccessorImpl.playTo(AnimationAccessorImpl.java:39)
	at com.sun.scenario.animation.shared.InfiniteClipEnvelope.timePulse(InfiniteClipEnvelope.java:104)
	at javafx.animation.Animation.doTimePulse(Animation.java:1189)
	at javafx.animation.Animation$1.lambda$timePulse$0(Animation.java:207)
	at java.base/java.security.AccessController.doPrivileged(AccessController.java:400)
	at javafx.animation.Animation$1.timePulse(Animation.java:206)
	at com.sun.scenario.animation.AbstractPrimaryTimer.timePulseImpl(AbstractPrimaryTimer.java:343)
	at com.sun.scenario.animation.AbstractPrimaryTimer$MainLoop.run(AbstractPrimaryTimer.java:266)
	at com.sun.javafx.tk.quantum.QuantumToolkit.pulse(QuantumToolkit.java:588)
	at com.sun.javafx.tk.quantum.QuantumToolkit.pulse(QuantumToolkit.java:572)
	at com.sun.javafx.tk.quantum.QuantumToolkit.pulseFromQueue(QuantumToolkit.java:565)
	at com.sun.javafx.tk.quantum.QuantumToolkit.lambda$runToolkit$11(QuantumToolkit.java:352)
	at com.sun.glass.ui.InvokeLaterDispatcher$Future.run(InvokeLaterDispatcher.java:95)
	at com.sun.glass.ui.win.WinApplication._runLoop(Native Method)
	at com.sun.glass.ui.win.WinApplication.lambda$runLoop$3(WinApplication.java:185)
	at java.base/java.lang.Thread.run(Thread.java:1583)
Caused by: org.postgresql.util.PSQLException: ОШИБКА: столбец "machine_id" в таблице "notifications" не существует
  Позиция: 49
	at org.postgresql.core.v3.QueryExecutorImpl.receiveErrorResponse(QueryExecutorImpl.java:2712)
	at org.postgresql.core.v3.QueryExecutorImpl.processResults(QueryExecutorImpl.java:2400)
	at org.postgresql.core.v3.QueryExecutorImpl.execute(QueryExecutorImpl.java:367)
	at org.postgresql.jdbc.PgStatement.executeInternal(PgStatement.java:498)
	at org.postgresql.jdbc.PgStatement.execute(PgStatement.java:415)
	at org.postgresql.jdbc.PgPreparedStatement.executeWithFlags(PgPreparedStatement.java:190)
	at org.postgresql.jdbc.PgPreparedStatement.executeUpdate(PgPreparedStatement.java:152)
	at org.jetbrains.exposed.sql.statements.jdbc.JdbcPreparedStatementImpl.executeUpdate(JdbcPreparedStatementImpl.kt:55)
	at org.jetbrains.exposed.sql.statements.InsertStatement.execInsertFunction(InsertStatement.kt:158)
	at org.jetbrains.exposed.sql.statements.InsertStatement.executeInternal(InsertStatement.kt:168)
	at org.jetbrains.exposed.sql.statements.InsertStatement.executeInternal(InsertStatement.kt:18)
	at org.jetbrains.exposed.sql.statements.Statement.executeIn$exposed_core(Statement.kt:92)
	... 37 common frames omitted
2026-02-17 10:20:35.026 [JavaFX Application Thread] WARN  Exposed - Wait 0 milliseconds before retrying
2026-02-17 10:20:35.145 [JavaFX Application Thread] WARN  Exposed - Transaction attempt #2 failed: org.postgresql.util.PSQLException: ОШИБКА: столбец "machine_id" в таблице "notifications" не существует
  Позиция: 49. Statement(s): INSERT INTO notifications (created_at, is_read, machine_id, message, title, "type") VALUES (?, ?, ?, ?, ?, ?)
org.jetbrains.exposed.exceptions.ExposedSQLException: org.postgresql.util.PSQLException: ОШИБКА: столбец "machine_id" в таблице "notifications" не существует
  Позиция: 49
	at org.jetbrains.exposed.sql.statements.Statement.executeIn$exposed_core(Statement.kt:94)
	at org.jetbrains.exposed.sql.Transaction.exec(Transaction.kt:244)
	at org.jetbrains.exposed.sql.Transaction.exec(Transaction.kt:221)
	at org.jetbrains.exposed.sql.statements.Statement.execute(Statement.kt:55)
	at org.jetbrains.exposed.sql.QueriesKt.insert(Queries.kt:144)
	at com.vending.dao.NotificationDAO.create$lambda$6(DataDAOs.kt:236)
	at org.jetbrains.exposed.sql.transactions.ThreadLocalTransactionManagerKt.inTopLevelTransaction$run(ThreadLocalTransactionManager.kt:306)
	at org.jetbrains.exposed.sql.transactions.ThreadLocalTransactionManagerKt.access$inTopLevelTransaction$run(ThreadLocalTransactionManager.kt:1)
	at org.jetbrains.exposed.sql.transactions.ThreadLocalTransactionManagerKt$inTopLevelTransaction$1.invoke(ThreadLocalTransactionManager.kt:353)
	at org.jetbrains.exposed.sql.transactions.ThreadLocalTransactionManagerKt.keepAndRestoreTransactionRefAfterRun(ThreadLocalTransactionManager.kt:361)
	at org.jetbrains.exposed.sql.transactions.ThreadLocalTransactionManagerKt.inTopLevelTransaction(ThreadLocalTransactionManager.kt:352)
	at org.jetbrains.exposed.sql.transactions.ThreadLocalTransactionManagerKt$transaction$1.invoke(ThreadLocalTransactionManager.kt:261)
	at org.jetbrains.exposed.sql.transactions.ThreadLocalTransactionManagerKt.keepAndRestoreTransactionRefAfterRun(ThreadLocalTransactionManager.kt:361)
	at org.jetbrains.exposed.sql.transactions.ThreadLocalTransactionManagerKt.transaction(ThreadLocalTransactionManager.kt:231)
	at org.jetbrains.exposed.sql.transactions.ThreadLocalTransactionManagerKt.transaction(ThreadLocalTransactionManager.kt:209)
	at org.jetbrains.exposed.sql.transactions.ThreadLocalTransactionManagerKt.transaction$default(ThreadLocalTransactionManager.kt:208)
	at com.vending.dao.NotificationDAO.create(DataDAOs.kt:235)
	at com.vending.service.NotificationService.push(NotificationService.kt:56)
	at com.vending.service.NotificationService.startSimulation$lambda$15(NotificationService.kt:191)
	at com.sun.scenario.animation.shared.TimelineClipCore.visitKeyFrame(TimelineClipCore.java:239)
	at com.sun.scenario.animation.shared.TimelineClipCore.playTo(TimelineClipCore.java:180)
	at javafx.animation.Timeline.doPlayTo(Timeline.java:172)
	at javafx.animation.AnimationAccessorImpl.playTo(AnimationAccessorImpl.java:39)
	at com.sun.scenario.animation.shared.InfiniteClipEnvelope.timePulse(InfiniteClipEnvelope.java:104)
	at javafx.animation.Animation.doTimePulse(Animation.java:1189)
	at javafx.animation.Animation$1.lambda$timePulse$0(Animation.java:207)
	at java.base/java.security.AccessController.doPrivileged(AccessController.java:400)
	at javafx.animation.Animation$1.timePulse(Animation.java:206)
	at com.sun.scenario.animation.AbstractPrimaryTimer.timePulseImpl(AbstractPrimaryTimer.java:343)
	at com.sun.scenario.animation.AbstractPrimaryTimer$MainLoop.run(AbstractPrimaryTimer.java:266)
	at com.sun.javafx.tk.quantum.QuantumToolkit.pulse(QuantumToolkit.java:588)
	at com.sun.javafx.tk.quantum.QuantumToolkit.pulse(QuantumToolkit.java:572)
	at com.sun.javafx.tk.quantum.QuantumToolkit.pulseFromQueue(QuantumToolkit.java:565)
	at com.sun.javafx.tk.quantum.QuantumToolkit.lambda$runToolkit$11(QuantumToolkit.java:352)
	at com.sun.glass.ui.InvokeLaterDispatcher$Future.run(InvokeLaterDispatcher.java:95)
	at com.sun.glass.ui.win.WinApplication._runLoop(Native Method)
	at com.sun.glass.ui.win.WinApplication.lambda$runLoop$3(WinApplication.java:185)
	at java.base/java.lang.Thread.run(Thread.java:1583)
Caused by: org.postgresql.util.PSQLException: ОШИБКА: столбец "machine_id" в таблице "notifications" не существует
  Позиция: 49
	at org.postgresql.core.v3.QueryExecutorImpl.receiveErrorResponse(QueryExecutorImpl.java:2712)
	at org.postgresql.core.v3.QueryExecutorImpl.processResults(QueryExecutorImpl.java:2400)
	at org.postgresql.core.v3.QueryExecutorImpl.execute(QueryExecutorImpl.java:367)
	at org.postgresql.jdbc.PgStatement.executeInternal(PgStatement.java:498)
	at org.postgresql.jdbc.PgStatement.execute(PgStatement.java:415)
	at org.postgresql.jdbc.PgPreparedStatement.executeWithFlags(PgPreparedStatement.java:190)
	at org.postgresql.jdbc.PgPreparedStatement.executeUpdate(PgPreparedStatement.java:152)
	at org.jetbrains.exposed.sql.statements.jdbc.JdbcPreparedStatementImpl.executeUpdate(JdbcPreparedStatementImpl.kt:55)
	at org.jetbrains.exposed.sql.statements.InsertStatement.execInsertFunction(InsertStatement.kt:158)
	at org.jetbrains.exposed.sql.statements.InsertStatement.executeInternal(InsertStatement.kt:168)
	at org.jetbrains.exposed.sql.statements.InsertStatement.executeInternal(InsertStatement.kt:18)
	at org.jetbrains.exposed.sql.statements.Statement.executeIn$exposed_core(Statement.kt:92)
	... 37 common frames omitted
2026-02-17 10:20:35.147 [JavaFX Application Thread] WARN  com.vending.service.NotificationService - Could not save notification to DB: org.postgresql.util.PSQLException: ОШИБКА: столбец "machine_id" в таблице "notifications" не существует
  Позиция: 49
2026-02-17 10:21:04.924 [JavaFX Application Thread] WARN  Exposed - Transaction attempt #0 failed: org.postgresql.util.PSQLException: ОШИБКА: столбец "machine_id" в таблице "notifications" не существует
  Позиция: 49. Statement(s): INSERT INTO notifications (created_at, is_read, machine_id, message, title, "type") VALUES (?, ?, ?, ?, ?, ?)
org.jetbrains.exposed.exceptions.ExposedSQLException: org.postgresql.util.PSQLException: ОШИБКА: столбец "machine_id" в таблице "notifications" не существует
  Позиция: 49
	at org.jetbrains.exposed.sql.statements.Statement.executeIn$exposed_core(Statement.kt:94)
	at org.jetbrains.exposed.sql.Transaction.exec(Transaction.kt:244)
	at org.jetbrains.exposed.sql.Transaction.exec(Transaction.kt:221)
	at org.jetbrains.exposed.sql.statements.Statement.execute(Statement.kt:55)
	at org.jetbrains.exposed.sql.QueriesKt.insert(Queries.kt:144)
	at com.vending.dao.NotificationDAO.create$lambda$6(DataDAOs.kt:236)
	at org.jetbrains.exposed.sql.transactions.ThreadLocalTransactionManagerKt.inTopLevelTransaction$run(ThreadLocalTransactionManager.kt:306)
	at org.jetbrains.exposed.sql.transactions.ThreadLocalTransactionManagerKt.access$inTopLevelTransaction$run(ThreadLocalTransactionManager.kt:1)
	at org.jetbrains.exposed.sql.transactions.ThreadLocalTransactionManagerKt$inTopLevelTransaction$1.invoke(ThreadLocalTransactionManager.kt:353)
	at org.jetbrains.exposed.sql.transactions.ThreadLocalTransactionManagerKt.keepAndRestoreTransactionRefAfterRun(ThreadLocalTransactionManager.kt:361)
	at org.jetbrains.exposed.sql.transactions.ThreadLocalTransactionManagerKt.inTopLevelTransaction(ThreadLocalTransactionManager.kt:352)
	at org.jetbrains.exposed.sql.transactions.ThreadLocalTransactionManagerKt$transaction$1.invoke(ThreadLocalTransactionManager.kt:261)
	at org.jetbrains.exposed.sql.transactions.ThreadLocalTransactionManagerKt.keepAndRestoreTransactionRefAfterRun(ThreadLocalTransactionManager.kt:361)
	at org.jetbrains.exposed.sql.transactions.ThreadLocalTransactionManagerKt.transaction(ThreadLocalTransactionManager.kt:231)
	at org.jetbrains.exposed.sql.transactions.ThreadLocalTransactionManagerKt.transaction(ThreadLocalTransactionManager.kt:209)
	at org.jetbrains.exposed.sql.transactions.ThreadLocalTransactionManagerKt.transaction$default(ThreadLocalTransactionManager.kt:208)
	at com.vending.dao.NotificationDAO.create(DataDAOs.kt:235)
	at com.vending.service.NotificationService.push(NotificationService.kt:56)
	at com.vending.service.NotificationService.startSimulation$lambda$15(NotificationService.kt:191)
	at com.sun.scenario.animation.shared.TimelineClipCore.visitKeyFrame(TimelineClipCore.java:239)
	at com.sun.scenario.animation.shared.TimelineClipCore.playTo(TimelineClipCore.java:180)
	at javafx.animation.Timeline.doPlayTo(Timeline.java:172)
	at javafx.animation.AnimationAccessorImpl.playTo(AnimationAccessorImpl.java:39)
	at com.sun.scenario.animation.shared.InfiniteClipEnvelope.timePulse(InfiniteClipEnvelope.java:104)
	at javafx.animation.Animation.doTimePulse(Animation.java:1189)
	at javafx.animation.Animation$1.lambda$timePulse$0(Animation.java:207)
	at java.base/java.security.AccessController.doPrivileged(AccessController.java:400)
	at javafx.animation.Animation$1.timePulse(Animation.java:206)
	at com.sun.scenario.animation.AbstractPrimaryTimer.timePulseImpl(AbstractPrimaryTimer.java:343)
	at com.sun.scenario.animation.AbstractPrimaryTimer$MainLoop.run(AbstractPrimaryTimer.java:266)
	at com.sun.javafx.tk.quantum.QuantumToolkit.pulse(QuantumToolkit.java:588)
	at com.sun.javafx.tk.quantum.QuantumToolkit.pulse(QuantumToolkit.java:572)
	at com.sun.javafx.tk.quantum.QuantumToolkit.pulseFromQueue(QuantumToolkit.java:565)
	at com.sun.javafx.tk.quantum.QuantumToolkit.lambda$runToolkit$11(QuantumToolkit.java:352)
	at com.sun.glass.ui.InvokeLaterDispatcher$Future.run(InvokeLaterDispatcher.java:95)
	at com.sun.glass.ui.win.WinApplication._runLoop(Native Method)
	at com.sun.glass.ui.win.WinApplication.lambda$runLoop$3(WinApplication.java:185)
	at java.base/java.lang.Thread.run(Thread.java:1583)
Caused by: org.postgresql.util.PSQLException: ОШИБКА: столбец "machine_id" в таблице "notifications" не существует
  Позиция: 49
	at org.postgresql.core.v3.QueryExecutorImpl.receiveErrorResponse(QueryExecutorImpl.java:2712)
	at org.postgresql.core.v3.QueryExecutorImpl.processResults(QueryExecutorImpl.java:2400)
	at org.postgresql.core.v3.QueryExecutorImpl.execute(QueryExecutorImpl.java:367)
	at org.postgresql.jdbc.PgStatement.executeInternal(PgStatement.java:498)
	at org.postgresql.jdbc.PgStatement.execute(PgStatement.java:415)
	at org.postgresql.jdbc.PgPreparedStatement.executeWithFlags(PgPreparedStatement.java:190)
	at org.postgresql.jdbc.PgPreparedStatement.executeUpdate(PgPreparedStatement.java:152)
	at org.jetbrains.exposed.sql.statements.jdbc.JdbcPreparedStatementImpl.executeUpdate(JdbcPreparedStatementImpl.kt:55)
	at org.jetbrains.exposed.sql.statements.InsertStatement.execInsertFunction(InsertStatement.kt:158)
	at org.jetbrains.exposed.sql.statements.InsertStatement.executeInternal(InsertStatement.kt:168)
	at org.jetbrains.exposed.sql.statements.InsertStatement.executeInternal(InsertStatement.kt:18)
	at org.jetbrains.exposed.sql.statements.Statement.executeIn$exposed_core(Statement.kt:92)
	... 37 common frames omitted
2026-02-17 10:21:04.924 [JavaFX Application Thread] WARN  Exposed - Wait 0 milliseconds before retrying
2026-02-17 10:21:05.015 [JavaFX Application Thread] WARN  Exposed - Transaction attempt #1 failed: org.postgresql.util.PSQLException: ОШИБКА: столбец "machine_id" в таблице "notifications" не существует
  Позиция: 49. Statement(s): INSERT INTO notifications (created_at, is_read, machine_id, message, title, "type") VALUES (?, ?, ?, ?, ?, ?)
org.jetbrains.exposed.exceptions.ExposedSQLException: org.postgresql.util.PSQLException: ОШИБКА: столбец "machine_id" в таблице "notifications" не существует
  Позиция: 49
	at org.jetbrains.exposed.sql.statements.Statement.executeIn$exposed_core(Statement.kt:94)
	at org.jetbrains.exposed.sql.Transaction.exec(Transaction.kt:244)
	at org.jetbrains.exposed.sql.Transaction.exec(Transaction.kt:221)
	at org.jetbrains.exposed.sql.statements.Statement.execute(Statement.kt:55)
	at org.jetbrains.exposed.sql.QueriesKt.insert(Queries.kt:144)
	at com.vending.dao.NotificationDAO.create$lambda$6(DataDAOs.kt:236)
	at org.jetbrains.exposed.sql.transactions.ThreadLocalTransactionManagerKt.inTopLevelTransaction$run(ThreadLocalTransactionManager.kt:306)
	at org.jetbrains.exposed.sql.transactions.ThreadLocalTransactionManagerKt.access$inTopLevelTransaction$run(ThreadLocalTransactionManager.kt:1)
	at org.jetbrains.exposed.sql.transactions.ThreadLocalTransactionManagerKt$inTopLevelTransaction$1.invoke(ThreadLocalTransactionManager.kt:353)
	at org.jetbrains.exposed.sql.transactions.ThreadLocalTransactionManagerKt.keepAndRestoreTransactionRefAfterRun(ThreadLocalTransactionManager.kt:361)
	at org.jetbrains.exposed.sql.transactions.ThreadLocalTransactionManagerKt.inTopLevelTransaction(ThreadLocalTransactionManager.kt:352)
	at org.jetbrains.exposed.sql.transactions.ThreadLocalTransactionManagerKt$transaction$1.invoke(ThreadLocalTransactionManager.kt:261)
	at org.jetbrains.exposed.sql.transactions.ThreadLocalTransactionManagerKt.keepAndRestoreTransactionRefAfterRun(ThreadLocalTransactionManager.kt:361)
	at org.jetbrains.exposed.sql.transactions.ThreadLocalTransactionManagerKt.transaction(ThreadLocalTransactionManager.kt:231)
	at org.jetbrains.exposed.sql.transactions.ThreadLocalTransactionManagerKt.transaction(ThreadLocalTransactionManager.kt:209)
	at org.jetbrains.exposed.sql.transactions.ThreadLocalTransactionManagerKt.transaction$default(ThreadLocalTransactionManager.kt:208)
	at com.vending.dao.NotificationDAO.create(DataDAOs.kt:235)
	at com.vending.service.NotificationService.push(NotificationService.kt:56)
	at com.vending.service.NotificationService.startSimulation$lambda$15(NotificationService.kt:191)
	at com.sun.scenario.animation.shared.TimelineClipCore.visitKeyFrame(TimelineClipCore.java:239)
	at com.sun.scenario.animation.shared.TimelineClipCore.playTo(TimelineClipCore.java:180)
	at javafx.animation.Timeline.doPlayTo(Timeline.java:172)
	at javafx.animation.AnimationAccessorImpl.playTo(AnimationAccessorImpl.java:39)
	at com.sun.scenario.animation.shared.InfiniteClipEnvelope.timePulse(InfiniteClipEnvelope.java:104)
	at javafx.animation.Animation.doTimePulse(Animation.java:1189)
	at javafx.animation.Animation$1.lambda$timePulse$0(Animation.java:207)
	at java.base/java.security.AccessController.doPrivileged(AccessController.java:400)
	at javafx.animation.Animation$1.timePulse(Animation.java:206)
	at com.sun.scenario.animation.AbstractPrimaryTimer.timePulseImpl(AbstractPrimaryTimer.java:343)
	at com.sun.scenario.animation.AbstractPrimaryTimer$MainLoop.run(AbstractPrimaryTimer.java:266)
	at com.sun.javafx.tk.quantum.QuantumToolkit.pulse(QuantumToolkit.java:588)
	at com.sun.javafx.tk.quantum.QuantumToolkit.pulse(QuantumToolkit.java:572)
	at com.sun.javafx.tk.quantum.QuantumToolkit.pulseFromQueue(QuantumToolkit.java:565)
	at com.sun.javafx.tk.quantum.QuantumToolkit.lambda$runToolkit$11(QuantumToolkit.java:352)
	at com.sun.glass.ui.InvokeLaterDispatcher$Future.run(InvokeLaterDispatcher.java:95)
	at com.sun.glass.ui.win.WinApplication._runLoop(Native Method)
	at com.sun.glass.ui.win.WinApplication.lambda$runLoop$3(WinApplication.java:185)
	at java.base/java.lang.Thread.run(Thread.java:1583)
Caused by: org.postgresql.util.PSQLException: ОШИБКА: столбец "machine_id" в таблице "notifications" не существует
  Позиция: 49
	at org.postgresql.core.v3.QueryExecutorImpl.receiveErrorResponse(QueryExecutorImpl.java:2712)
	at org.postgresql.core.v3.QueryExecutorImpl.processResults(QueryExecutorImpl.java:2400)
	at org.postgresql.core.v3.QueryExecutorImpl.execute(QueryExecutorImpl.java:367)
	at org.postgresql.jdbc.PgStatement.executeInternal(PgStatement.java:498)
	at org.postgresql.jdbc.PgStatement.execute(PgStatement.java:415)
	at org.postgresql.jdbc.PgPreparedStatement.executeWithFlags(PgPreparedStatement.java:190)
	at org.postgresql.jdbc.PgPreparedStatement.executeUpdate(PgPreparedStatement.java:152)
	at org.jetbrains.exposed.sql.statements.jdbc.JdbcPreparedStatementImpl.executeUpdate(JdbcPreparedStatementImpl.kt:55)
	at org.jetbrains.exposed.sql.statements.InsertStatement.execInsertFunction(InsertStatement.kt:158)
	at org.jetbrains.exposed.sql.statements.InsertStatement.executeInternal(InsertStatement.kt:168)
	at org.jetbrains.exposed.sql.statements.InsertStatement.executeInternal(InsertStatement.kt:18)
	at org.jetbrains.exposed.sql.statements.Statement.executeIn$exposed_core(Statement.kt:92)
	... 37 common frames omitted
2026-02-17 10:21:05.019 [JavaFX Application Thread] WARN  Exposed - Wait 0 milliseconds before retrying
2026-02-17 10:21:05.111 [JavaFX Application Thread] WARN  Exposed - Transaction attempt #2 failed: org.postgresql.util.PSQLException: ОШИБКА: столбец "machine_id" в таблице "notifications" не существует
  Позиция: 49. Statement(s): INSERT INTO notifications (created_at, is_read, machine_id, message, title, "type") VALUES (?, ?, ?, ?, ?, ?)
org.jetbrains.exposed.exceptions.ExposedSQLException: org.postgresql.util.PSQLException: ОШИБКА: столбец "machine_id" в таблице "notifications" не существует
  Позиция: 49
	at org.jetbrains.exposed.sql.statements.Statement.executeIn$exposed_core(Statement.kt:94)
	at org.jetbrains.exposed.sql.Transaction.exec(Transaction.kt:244)
	at org.jetbrains.exposed.sql.Transaction.exec(Transaction.kt:221)
	at org.jetbrains.exposed.sql.statements.Statement.execute(Statement.kt:55)
	at org.jetbrains.exposed.sql.QueriesKt.insert(Queries.kt:144)
	at com.vending.dao.NotificationDAO.create$lambda$6(DataDAOs.kt:236)
	at org.jetbrains.exposed.sql.transactions.ThreadLocalTransactionManagerKt.inTopLevelTransaction$run(ThreadLocalTransactionManager.kt:306)
	at org.jetbrains.exposed.sql.transactions.ThreadLocalTransactionManagerKt.access$inTopLevelTransaction$run(ThreadLocalTransactionManager.kt:1)
	at org.jetbrains.exposed.sql.transactions.ThreadLocalTransactionManagerKt$inTopLevelTransaction$1.invoke(ThreadLocalTransactionManager.kt:353)
	at org.jetbrains.exposed.sql.transactions.ThreadLocalTransactionManagerKt.keepAndRestoreTransactionRefAfterRun(ThreadLocalTransactionManager.kt:361)
	at org.jetbrains.exposed.sql.transactions.ThreadLocalTransactionManagerKt.inTopLevelTransaction(ThreadLocalTransactionManager.kt:352)
	at org.jetbrains.exposed.sql.transactions.ThreadLocalTransactionManagerKt$transaction$1.invoke(ThreadLocalTransactionManager.kt:261)
	at org.jetbrains.exposed.sql.transactions.ThreadLocalTransactionManagerKt.keepAndRestoreTransactionRefAfterRun(ThreadLocalTransactionManager.kt:361)
	at org.jetbrains.exposed.sql.transactions.ThreadLocalTransactionManagerKt.transaction(ThreadLocalTransactionManager.kt:231)
	at org.jetbrains.exposed.sql.transactions.ThreadLocalTransactionManagerKt.transaction(ThreadLocalTransactionManager.kt:209)
	at org.jetbrains.exposed.sql.transactions.ThreadLocalTransactionManagerKt.transaction$default(ThreadLocalTransactionManager.kt:208)
	at com.vending.dao.NotificationDAO.create(DataDAOs.kt:235)
	at com.vending.service.NotificationService.push(NotificationService.kt:56)
	at com.vending.service.NotificationService.startSimulation$lambda$15(NotificationService.kt:191)
	at com.sun.scenario.animation.shared.TimelineClipCore.visitKeyFrame(TimelineClipCore.java:239)
	at com.sun.scenario.animation.shared.TimelineClipCore.playTo(TimelineClipCore.java:180)
	at javafx.animation.Timeline.doPlayTo(Timeline.java:172)
	at javafx.animation.AnimationAccessorImpl.playTo(AnimationAccessorImpl.java:39)
	at com.sun.scenario.animation.shared.InfiniteClipEnvelope.timePulse(InfiniteClipEnvelope.java:104)
	at javafx.animation.Animation.doTimePulse(Animation.java:1189)
	at javafx.animation.Animation$1.lambda$timePulse$0(Animation.java:207)
	at java.base/java.security.AccessController.doPrivileged(AccessController.java:400)
	at javafx.animation.Animation$1.timePulse(Animation.java:206)
	at com.sun.scenario.animation.AbstractPrimaryTimer.timePulseImpl(AbstractPrimaryTimer.java:343)
	at com.sun.scenario.animation.AbstractPrimaryTimer$MainLoop.run(AbstractPrimaryTimer.java:266)
	at com.sun.javafx.tk.quantum.QuantumToolkit.pulse(QuantumToolkit.java:588)
	at com.sun.javafx.tk.quantum.QuantumToolkit.pulse(QuantumToolkit.java:572)
	at com.sun.javafx.tk.quantum.QuantumToolkit.pulseFromQueue(QuantumToolkit.java:565)
	at com.sun.javafx.tk.quantum.QuantumToolkit.lambda$runToolkit$11(QuantumToolkit.java:352)
	at com.sun.glass.ui.InvokeLaterDispatcher$Future.run(InvokeLaterDispatcher.java:95)
	at com.sun.glass.ui.win.WinApplication._runLoop(Native Method)
	at com.sun.glass.ui.win.WinApplication.lambda$runLoop$3(WinApplication.java:185)
	at java.base/java.lang.Thread.run(Thread.java:1583)
Caused by: org.postgresql.util.PSQLException: ОШИБКА: столбец "machine_id" в таблице "notifications" не существует
  Позиция: 49
	at org.postgresql.core.v3.QueryExecutorImpl.receiveErrorResponse(QueryExecutorImpl.java:2712)
	at org.postgresql.core.v3.QueryExecutorImpl.processResults(QueryExecutorImpl.java:2400)
	at org.postgresql.core.v3.QueryExecutorImpl.execute(QueryExecutorImpl.java:367)
	at org.postgresql.jdbc.PgStatement.executeInternal(PgStatement.java:498)
	at org.postgresql.jdbc.PgStatement.execute(PgStatement.java:415)
	at org.postgresql.jdbc.PgPreparedStatement.executeWithFlags(PgPreparedStatement.java:190)
	at org.postgresql.jdbc.PgPreparedStatement.executeUpdate(PgPreparedStatement.java:152)
	at org.jetbrains.exposed.sql.statements.jdbc.JdbcPreparedStatementImpl.executeUpdate(JdbcPreparedStatementImpl.kt:55)
	at org.jetbrains.exposed.sql.statements.InsertStatement.execInsertFunction(InsertStatement.kt:158)
	at org.jetbrains.exposed.sql.statements.InsertStatement.executeInternal(InsertStatement.kt:168)
	at org.jetbrains.exposed.sql.statements.InsertStatement.executeInternal(InsertStatement.kt:18)
	at org.jetbrains.exposed.sql.statements.Statement.executeIn$exposed_core(Statement.kt:92)
	... 37 common frames omitted
2026-02-17 10:21:05.111 [JavaFX Application Thread] WARN  com.vending.service.NotificationService - Could not save notification to DB: org.postgresql.util.PSQLException: ОШИБКА: столбец "machine_id" в таблице "notifications" не существует
  Позиция: 49
2026-02-17 10:21:34.920 [JavaFX Application Thread] WARN  Exposed - Transaction attempt #0 failed: org.postgresql.util.PSQLException: ОШИБКА: столбец "machine_id" в таблице "notifications" не существует
  Позиция: 49. Statement(s): INSERT INTO notifications (created_at, is_read, machine_id, message, title, "type") VALUES (?, ?, ?, ?, ?, ?)
org.jetbrains.exposed.exceptions.ExposedSQLException: org.postgresql.util.PSQLException: ОШИБКА: столбец "machine_id" в таблице "notifications" не существует
  Позиция: 49
	at org.jetbrains.exposed.sql.statements.Statement.executeIn$exposed_core(Statement.kt:94)
	at org.jetbrains.exposed.sql.Transaction.exec(Transaction.kt:244)
	at org.jetbrains.exposed.sql.Transaction.exec(Transaction.kt:221)
	at org.jetbrains.exposed.sql.statements.Statement.execute(Statement.kt:55)
	at org.jetbrains.exposed.sql.QueriesKt.insert(Queries.kt:144)
	at com.vending.dao.NotificationDAO.create$lambda$6(DataDAOs.kt:236)
	at org.jetbrains.exposed.sql.transactions.ThreadLocalTransactionManagerKt.inTopLevelTransaction$run(ThreadLocalTransactionManager.kt:306)
	at org.jetbrains.exposed.sql.transactions.ThreadLocalTransactionManagerKt.access$inTopLevelTransaction$run(ThreadLocalTransactionManager.kt:1)
	at org.jetbrains.exposed.sql.transactions.ThreadLocalTransactionManagerKt$inTopLevelTransaction$1.invoke(ThreadLocalTransactionManager.kt:353)
	at org.jetbrains.exposed.sql.transactions.ThreadLocalTransactionManagerKt.keepAndRestoreTransactionRefAfterRun(ThreadLocalTransactionManager.kt:361)
	at org.jetbrains.exposed.sql.transactions.ThreadLocalTransactionManagerKt.inTopLevelTransaction(ThreadLocalTransactionManager.kt:352)
	at org.jetbrains.exposed.sql.transactions.ThreadLocalTransactionManagerKt$transaction$1.invoke(ThreadLocalTransactionManager.kt:261)
	at org.jetbrains.exposed.sql.transactions.ThreadLocalTransactionManagerKt.keepAndRestoreTransactionRefAfterRun(ThreadLocalTransactionManager.kt:361)
	at org.jetbrains.exposed.sql.transactions.ThreadLocalTransactionManagerKt.transaction(ThreadLocalTransactionManager.kt:231)
	at org.jetbrains.exposed.sql.transactions.ThreadLocalTransactionManagerKt.transaction(ThreadLocalTransactionManager.kt:209)
	at org.jetbrains.exposed.sql.transactions.ThreadLocalTransactionManagerKt.transaction$default(ThreadLocalTransactionManager.kt:208)
	at com.vending.dao.NotificationDAO.create(DataDAOs.kt:235)
	at com.vending.service.NotificationService.push(NotificationService.kt:56)
	at com.vending.service.NotificationService.startSimulation$lambda$15(NotificationService.kt:191)
	at com.sun.scenario.animation.shared.TimelineClipCore.visitKeyFrame(TimelineClipCore.java:239)
	at com.sun.scenario.animation.shared.TimelineClipCore.playTo(TimelineClipCore.java:180)
	at javafx.animation.Timeline.doPlayTo(Timeline.java:172)
	at javafx.animation.AnimationAccessorImpl.playTo(AnimationAccessorImpl.java:39)
	at com.sun.scenario.animation.shared.InfiniteClipEnvelope.timePulse(InfiniteClipEnvelope.java:104)
	at javafx.animation.Animation.doTimePulse(Animation.java:1189)
	at javafx.animation.Animation$1.lambda$timePulse$0(Animation.java:207)
	at java.base/java.security.AccessController.doPrivileged(AccessController.java:400)
	at javafx.animation.Animation$1.timePulse(Animation.java:206)
	at com.sun.scenario.animation.AbstractPrimaryTimer.timePulseImpl(AbstractPrimaryTimer.java:343)
	at com.sun.scenario.animation.AbstractPrimaryTimer$MainLoop.run(AbstractPrimaryTimer.java:266)
	at com.sun.javafx.tk.quantum.QuantumToolkit.pulse(QuantumToolkit.java:588)
	at com.sun.javafx.tk.quantum.QuantumToolkit.pulse(QuantumToolkit.java:572)
	at com.sun.javafx.tk.quantum.QuantumToolkit.pulseFromQueue(QuantumToolkit.java:565)
	at com.sun.javafx.tk.quantum.QuantumToolkit.lambda$runToolkit$11(QuantumToolkit.java:352)
	at com.sun.glass.ui.InvokeLaterDispatcher$Future.run(InvokeLaterDispatcher.java:95)
	at com.sun.glass.ui.win.WinApplication._runLoop(Native Method)
	at com.sun.glass.ui.win.WinApplication.lambda$runLoop$3(WinApplication.java:185)
	at java.base/java.lang.Thread.run(Thread.java:1583)
Caused by: org.postgresql.util.PSQLException: ОШИБКА: столбец "machine_id" в таблице "notifications" не существует
  Позиция: 49
	at org.postgresql.core.v3.QueryExecutorImpl.receiveErrorResponse(QueryExecutorImpl.java:2712)
	at org.postgresql.core.v3.QueryExecutorImpl.processResults(QueryExecutorImpl.java:2400)
	at org.postgresql.core.v3.QueryExecutorImpl.execute(QueryExecutorImpl.java:367)
	at org.postgresql.jdbc.PgStatement.executeInternal(PgStatement.java:498)
	at org.postgresql.jdbc.PgStatement.execute(PgStatement.java:415)
	at org.postgresql.jdbc.PgPreparedStatement.executeWithFlags(PgPreparedStatement.java:190)
	at org.postgresql.jdbc.PgPreparedStatement.executeUpdate(PgPreparedStatement.java:152)
	at org.jetbrains.exposed.sql.statements.jdbc.JdbcPreparedStatementImpl.executeUpdate(JdbcPreparedStatementImpl.kt:55)
	at org.jetbrains.exposed.sql.statements.InsertStatement.execInsertFunction(InsertStatement.kt:158)
	at org.jetbrains.exposed.sql.statements.InsertStatement.executeInternal(InsertStatement.kt:168)
	at org.jetbrains.exposed.sql.statements.InsertStatement.executeInternal(InsertStatement.kt:18)
	at org.jetbrains.exposed.sql.statements.Statement.executeIn$exposed_core(Statement.kt:92)
	... 37 common frames omitted
2026-02-17 10:21:34.920 [JavaFX Application Thread] WARN  Exposed - Wait 0 milliseconds before retrying
2026-02-17 10:21:35.009 [JavaFX Application Thread] WARN  Exposed - Transaction attempt #1 failed: org.postgresql.util.PSQLException: ОШИБКА: столбец "machine_id" в таблице "notifications" не существует
  Позиция: 49. Statement(s): INSERT INTO notifications (created_at, is_read, machine_id, message, title, "type") VALUES (?, ?, ?, ?, ?, ?)
org.jetbrains.exposed.exceptions.ExposedSQLException: org.postgresql.util.PSQLException: ОШИБКА: столбец "machine_id" в таблице "notifications" не существует
  Позиция: 49
	at org.jetbrains.exposed.sql.statements.Statement.executeIn$exposed_core(Statement.kt:94)
	at org.jetbrains.exposed.sql.Transaction.exec(Transaction.kt:244)
	at org.jetbrains.exposed.sql.Transaction.exec(Transaction.kt:221)
	at org.jetbrains.exposed.sql.statements.Statement.execute(Statement.kt:55)
	at org.jetbrains.exposed.sql.QueriesKt.insert(Queries.kt:144)
	at com.vending.dao.NotificationDAO.create$lambda$6(DataDAOs.kt:236)
	at org.jetbrains.exposed.sql.transactions.ThreadLocalTransactionManagerKt.inTopLevelTransaction$run(ThreadLocalTransactionManager.kt:306)
	at org.jetbrains.exposed.sql.transactions.ThreadLocalTransactionManagerKt.access$inTopLevelTransaction$run(ThreadLocalTransactionManager.kt:1)
	at org.jetbrains.exposed.sql.transactions.ThreadLocalTransactionManagerKt$inTopLevelTransaction$1.invoke(ThreadLocalTransactionManager.kt:353)
	at org.jetbrains.exposed.sql.transactions.ThreadLocalTransactionManagerKt.keepAndRestoreTransactionRefAfterRun(ThreadLocalTransactionManager.kt:361)
	at org.jetbrains.exposed.sql.transactions.ThreadLocalTransactionManagerKt.inTopLevelTransaction(ThreadLocalTransactionManager.kt:352)
	at org.jetbrains.exposed.sql.transactions.ThreadLocalTransactionManagerKt$transaction$1.invoke(ThreadLocalTransactionManager.kt:261)
	at org.jetbrains.exposed.sql.transactions.ThreadLocalTransactionManagerKt.keepAndRestoreTransactionRefAfterRun(ThreadLocalTransactionManager.kt:361)
	at org.jetbrains.exposed.sql.transactions.ThreadLocalTransactionManagerKt.transaction(ThreadLocalTransactionManager.kt:231)
	at org.jetbrains.exposed.sql.transactions.ThreadLocalTransactionManagerKt.transaction(ThreadLocalTransactionManager.kt:209)
	at org.jetbrains.exposed.sql.transactions.ThreadLocalTransactionManagerKt.transaction$default(ThreadLocalTransactionManager.kt:208)
	at com.vending.dao.NotificationDAO.create(DataDAOs.kt:235)
	at com.vending.service.NotificationService.push(NotificationService.kt:56)
	at com.vending.service.NotificationService.startSimulation$lambda$15(NotificationService.kt:191)
	at com.sun.scenario.animation.shared.TimelineClipCore.visitKeyFrame(TimelineClipCore.java:239)
	at com.sun.scenario.animation.shared.TimelineClipCore.playTo(TimelineClipCore.java:180)
	at javafx.animation.Timeline.doPlayTo(Timeline.java:172)
	at javafx.animation.AnimationAccessorImpl.playTo(AnimationAccessorImpl.java:39)
	at com.sun.scenario.animation.shared.InfiniteClipEnvelope.timePulse(InfiniteClipEnvelope.java:104)
	at javafx.animation.Animation.doTimePulse(Animation.java:1189)
	at javafx.animation.Animation$1.lambda$timePulse$0(Animation.java:207)
	at java.base/java.security.AccessController.doPrivileged(AccessController.java:400)
	at javafx.animation.Animation$1.timePulse(Animation.java:206)
	at com.sun.scenario.animation.AbstractPrimaryTimer.timePulseImpl(AbstractPrimaryTimer.java:343)
	at com.sun.scenario.animation.AbstractPrimaryTimer$MainLoop.run(AbstractPrimaryTimer.java:266)
	at com.sun.javafx.tk.quantum.QuantumToolkit.pulse(QuantumToolkit.java:588)
	at com.sun.javafx.tk.quantum.QuantumToolkit.pulse(QuantumToolkit.java:572)
	at com.sun.javafx.tk.quantum.QuantumToolkit.pulseFromQueue(QuantumToolkit.java:565)
	at com.sun.javafx.tk.quantum.QuantumToolkit.lambda$runToolkit$11(QuantumToolkit.java:352)
	at com.sun.glass.ui.InvokeLaterDispatcher$Future.run(InvokeLaterDispatcher.java:95)
	at com.sun.glass.ui.win.WinApplication._runLoop(Native Method)
	at com.sun.glass.ui.win.WinApplication.lambda$runLoop$3(WinApplication.java:185)
	at java.base/java.lang.Thread.run(Thread.java:1583)
Caused by: org.postgresql.util.PSQLException: ОШИБКА: столбец "machine_id" в таблице "notifications" не существует
  Позиция: 49
	at org.postgresql.core.v3.QueryExecutorImpl.receiveErrorResponse(QueryExecutorImpl.java:2712)
	at org.postgresql.core.v3.QueryExecutorImpl.processResults(QueryExecutorImpl.java:2400)
	at org.postgresql.core.v3.QueryExecutorImpl.execute(QueryExecutorImpl.java:367)
	at org.postgresql.jdbc.PgStatement.executeInternal(PgStatement.java:498)
	at org.postgresql.jdbc.PgStatement.execute(PgStatement.java:415)
	at org.postgresql.jdbc.PgPreparedStatement.executeWithFlags(PgPreparedStatement.java:190)
	at org.postgresql.jdbc.PgPreparedStatement.executeUpdate(PgPreparedStatement.java:152)
	at org.jetbrains.exposed.sql.statements.jdbc.JdbcPreparedStatementImpl.executeUpdate(JdbcPreparedStatementImpl.kt:55)
	at org.jetbrains.exposed.sql.statements.InsertStatement.execInsertFunction(InsertStatement.kt:158)
	at org.jetbrains.exposed.sql.statements.InsertStatement.executeInternal(InsertStatement.kt:168)
	at org.jetbrains.exposed.sql.statements.InsertStatement.executeInternal(InsertStatement.kt:18)
	at org.jetbrains.exposed.sql.statements.Statement.executeIn$exposed_core(Statement.kt:92)
	... 37 common frames omitted
2026-02-17 10:21:35.009 [JavaFX Application Thread] WARN  Exposed - Wait 0 milliseconds before retrying
2026-02-17 10:21:35.097 [JavaFX Application Thread] WARN  Exposed - Transaction attempt #2 failed: org.postgresql.util.PSQLException: ОШИБКА: столбец "machine_id" в таблице "notifications" не существует
  Позиция: 49. Statement(s): INSERT INTO notifications (created_at, is_read, machine_id, message, title, "type") VALUES (?, ?, ?, ?, ?, ?)
org.jetbrains.exposed.exceptions.ExposedSQLException: org.postgresql.util.PSQLException: ОШИБКА: столбец "machine_id" в таблице "notifications" не существует
  Позиция: 49
	at org.jetbrains.exposed.sql.statements.Statement.executeIn$exposed_core(Statement.kt:94)
	at org.jetbrains.exposed.sql.Transaction.exec(Transaction.kt:244)
	at org.jetbrains.exposed.sql.Transaction.exec(Transaction.kt:221)
	at org.jetbrains.exposed.sql.statements.Statement.execute(Statement.kt:55)
	at org.jetbrains.exposed.sql.QueriesKt.insert(Queries.kt:144)
	at com.vending.dao.NotificationDAO.create$lambda$6(DataDAOs.kt:236)
	at org.jetbrains.exposed.sql.transactions.ThreadLocalTransactionManagerKt.inTopLevelTransaction$run(ThreadLocalTransactionManager.kt:306)
	at org.jetbrains.exposed.sql.transactions.ThreadLocalTransactionManagerKt.access$inTopLevelTransaction$run(ThreadLocalTransactionManager.kt:1)
	at org.jetbrains.exposed.sql.transactions.ThreadLocalTransactionManagerKt$inTopLevelTransaction$1.invoke(ThreadLocalTransactionManager.kt:353)
	at org.jetbrains.exposed.sql.transactions.ThreadLocalTransactionManagerKt.keepAndRestoreTransactionRefAfterRun(ThreadLocalTransactionManager.kt:361)
	at org.jetbrains.exposed.sql.transactions.ThreadLocalTransactionManagerKt.inTopLevelTransaction(ThreadLocalTransactionManager.kt:352)
	at org.jetbrains.exposed.sql.transactions.ThreadLocalTransactionManagerKt$transaction$1.invoke(ThreadLocalTransactionManager.kt:261)
	at org.jetbrains.exposed.sql.transactions.ThreadLocalTransactionManagerKt.keepAndRestoreTransactionRefAfterRun(ThreadLocalTransactionManager.kt:361)
	at org.jetbrains.exposed.sql.transactions.ThreadLocalTransactionManagerKt.transaction(ThreadLocalTransactionManager.kt:231)
	at org.jetbrains.exposed.sql.transactions.ThreadLocalTransactionManagerKt.transaction(ThreadLocalTransactionManager.kt:209)
	at org.jetbrains.exposed.sql.transactions.ThreadLocalTransactionManagerKt.transaction$default(ThreadLocalTransactionManager.kt:208)
	at com.vending.dao.NotificationDAO.create(DataDAOs.kt:235)
	at com.vending.service.NotificationService.push(NotificationService.kt:56)
	at com.vending.service.NotificationService.startSimulation$lambda$15(NotificationService.kt:191)
	at com.sun.scenario.animation.shared.TimelineClipCore.visitKeyFrame(TimelineClipCore.java:239)
	at com.sun.scenario.animation.shared.TimelineClipCore.playTo(TimelineClipCore.java:180)
	at javafx.animation.Timeline.doPlayTo(Timeline.java:172)
	at javafx.animation.AnimationAccessorImpl.playTo(AnimationAccessorImpl.java:39)
	at com.sun.scenario.animation.shared.InfiniteClipEnvelope.timePulse(InfiniteClipEnvelope.java:104)
	at javafx.animation.Animation.doTimePulse(Animation.java:1189)
	at javafx.animation.Animation$1.lambda$timePulse$0(Animation.java:207)
	at java.base/java.security.AccessController.doPrivileged(AccessController.java:400)
	at javafx.animation.Animation$1.timePulse(Animation.java:206)
	at com.sun.scenario.animation.AbstractPrimaryTimer.timePulseImpl(AbstractPrimaryTimer.java:343)
	at com.sun.scenario.animation.AbstractPrimaryTimer$MainLoop.run(AbstractPrimaryTimer.java:266)
	at com.sun.javafx.tk.quantum.QuantumToolkit.pulse(QuantumToolkit.java:588)
	at com.sun.javafx.tk.quantum.QuantumToolkit.pulse(QuantumToolkit.java:572)
	at com.sun.javafx.tk.quantum.QuantumToolkit.pulseFromQueue(QuantumToolkit.java:565)
	at com.sun.javafx.tk.quantum.QuantumToolkit.lambda$runToolkit$11(QuantumToolkit.java:352)
	at com.sun.glass.ui.InvokeLaterDispatcher$Future.run(InvokeLaterDispatcher.java:95)
	at com.sun.glass.ui.win.WinApplication._runLoop(Native Method)
	at com.sun.glass.ui.win.WinApplication.lambda$runLoop$3(WinApplication.java:185)
	at java.base/java.lang.Thread.run(Thread.java:1583)
Caused by: org.postgresql.util.PSQLException: ОШИБКА: столбец "machine_id" в таблице "notifications" не существует
  Позиция: 49
	at org.postgresql.core.v3.QueryExecutorImpl.receiveErrorResponse(QueryExecutorImpl.java:2712)
	at org.postgresql.core.v3.QueryExecutorImpl.processResults(QueryExecutorImpl.java:2400)
	at org.postgresql.core.v3.QueryExecutorImpl.execute(QueryExecutorImpl.java:367)
	at org.postgresql.jdbc.PgStatement.executeInternal(PgStatement.java:498)
	at org.postgresql.jdbc.PgStatement.execute(PgStatement.java:415)
	at org.postgresql.jdbc.PgPreparedStatement.executeWithFlags(PgPreparedStatement.java:190)
	at org.postgresql.jdbc.PgPreparedStatement.executeUpdate(PgPreparedStatement.java:152)
	at org.jetbrains.exposed.sql.statements.jdbc.JdbcPreparedStatementImpl.executeUpdate(JdbcPreparedStatementImpl.kt:55)
	at org.jetbrains.exposed.sql.statements.InsertStatement.execInsertFunction(InsertStatement.kt:158)
	at org.jetbrains.exposed.sql.statements.InsertStatement.executeInternal(InsertStatement.kt:168)
	at org.jetbrains.exposed.sql.statements.InsertStatement.executeInternal(InsertStatement.kt:18)
	at org.jetbrains.exposed.sql.statements.Statement.executeIn$exposed_core(Statement.kt:92)
	... 37 common frames omitted
2026-02-17 10:21:35.097 [JavaFX Application Thread] WARN  com.vending.service.NotificationService - Could not save notification to DB: org.postgresql.util.PSQLException: ОШИБКА: столбец "machine_id" в таблице "notifications" не существует
  Позиция: 49
2026-02-17 10:22:04.938 [JavaFX Application Thread] WARN  Exposed - Transaction attempt #0 failed: org.postgresql.util.PSQLException: ОШИБКА: столбец "machine_id" в таблице "notifications" не существует
  Позиция: 49. Statement(s): INSERT INTO notifications (created_at, is_read, machine_id, message, title, "type") VALUES (?, ?, ?, ?, ?, ?)
org.jetbrains.exposed.exceptions.ExposedSQLException: org.postgresql.util.PSQLException: ОШИБКА: столбец "machine_id" в таблице "notifications" не существует
  Позиция: 49
	at org.jetbrains.exposed.sql.statements.Statement.executeIn$exposed_core(Statement.kt:94)
	at org.jetbrains.exposed.sql.Transaction.exec(Transaction.kt:244)
	at org.jetbrains.exposed.sql.Transaction.exec(Transaction.kt:221)
	at org.jetbrains.exposed.sql.statements.Statement.execute(Statement.kt:55)
	at org.jetbrains.exposed.sql.QueriesKt.insert(Queries.kt:144)
	at com.vending.dao.NotificationDAO.create$lambda$6(DataDAOs.kt:236)
	at org.jetbrains.exposed.sql.transactions.ThreadLocalTransactionManagerKt.inTopLevelTransaction$run(ThreadLocalTransactionManager.kt:306)
	at org.jetbrains.exposed.sql.transactions.ThreadLocalTransactionManagerKt.access$inTopLevelTransaction$run(ThreadLocalTransactionManager.kt:1)
	at org.jetbrains.exposed.sql.transactions.ThreadLocalTransactionManagerKt$inTopLevelTransaction$1.invoke(ThreadLocalTransactionManager.kt:353)
	at org.jetbrains.exposed.sql.transactions.ThreadLocalTransactionManagerKt.keepAndRestoreTransactionRefAfterRun(ThreadLocalTransactionManager.kt:361)
	at org.jetbrains.exposed.sql.transactions.ThreadLocalTransactionManagerKt.inTopLevelTransaction(ThreadLocalTransactionManager.kt:352)
	at org.jetbrains.exposed.sql.transactions.ThreadLocalTransactionManagerKt$transaction$1.invoke(ThreadLocalTransactionManager.kt:261)
	at org.jetbrains.exposed.sql.transactions.ThreadLocalTransactionManagerKt.keepAndRestoreTransactionRefAfterRun(ThreadLocalTransactionManager.kt:361)
	at org.jetbrains.exposed.sql.transactions.ThreadLocalTransactionManagerKt.transaction(ThreadLocalTransactionManager.kt:231)
	at org.jetbrains.exposed.sql.transactions.ThreadLocalTransactionManagerKt.transaction(ThreadLocalTransactionManager.kt:209)
	at org.jetbrains.exposed.sql.transactions.ThreadLocalTransactionManagerKt.transaction$default(ThreadLocalTransactionManager.kt:208)
	at com.vending.dao.NotificationDAO.create(DataDAOs.kt:235)
	at com.vending.service.NotificationService.push(NotificationService.kt:56)
	at com.vending.service.NotificationService.startSimulation$lambda$15(NotificationService.kt:191)
	at com.sun.scenario.animation.shared.TimelineClipCore.visitKeyFrame(TimelineClipCore.java:239)
	at com.sun.scenario.animation.shared.TimelineClipCore.playTo(TimelineClipCore.java:180)
	at javafx.animation.Timeline.doPlayTo(Timeline.java:172)
	at javafx.animation.AnimationAccessorImpl.playTo(AnimationAccessorImpl.java:39)
	at com.sun.scenario.animation.shared.InfiniteClipEnvelope.timePulse(InfiniteClipEnvelope.java:104)
	at javafx.animation.Animation.doTimePulse(Animation.java:1189)
	at javafx.animation.Animation$1.lambda$timePulse$0(Animation.java:207)
	at java.base/java.security.AccessController.doPrivileged(AccessController.java:400)
	at javafx.animation.Animation$1.timePulse(Animation.java:206)
	at com.sun.scenario.animation.AbstractPrimaryTimer.timePulseImpl(AbstractPrimaryTimer.java:343)
	at com.sun.scenario.animation.AbstractPrimaryTimer$MainLoop.run(AbstractPrimaryTimer.java:266)
	at com.sun.javafx.tk.quantum.QuantumToolkit.pulse(QuantumToolkit.java:588)
	at com.sun.javafx.tk.quantum.QuantumToolkit.pulse(QuantumToolkit.java:572)
	at com.sun.javafx.tk.quantum.QuantumToolkit.pulseFromQueue(QuantumToolkit.java:565)
	at com.sun.javafx.tk.quantum.QuantumToolkit.lambda$runToolkit$11(QuantumToolkit.java:352)
	at com.sun.glass.ui.InvokeLaterDispatcher$Future.run(InvokeLaterDispatcher.java:95)
	at com.sun.glass.ui.win.WinApplication._runLoop(Native Method)
	at com.sun.glass.ui.win.WinApplication.lambda$runLoop$3(WinApplication.java:185)
	at java.base/java.lang.Thread.run(Thread.java:1583)
Caused by: org.postgresql.util.PSQLException: ОШИБКА: столбец "machine_id" в таблице "notifications" не существует
  Позиция: 49
	at org.postgresql.core.v3.QueryExecutorImpl.receiveErrorResponse(QueryExecutorImpl.java:2712)
	at org.postgresql.core.v3.QueryExecutorImpl.processResults(QueryExecutorImpl.java:2400)
	at org.postgresql.core.v3.QueryExecutorImpl.execute(QueryExecutorImpl.java:367)
	at org.postgresql.jdbc.PgStatement.executeInternal(PgStatement.java:498)
	at org.postgresql.jdbc.PgStatement.execute(PgStatement.java:415)
	at org.postgresql.jdbc.PgPreparedStatement.executeWithFlags(PgPreparedStatement.java:190)
	at org.postgresql.jdbc.PgPreparedStatement.executeUpdate(PgPreparedStatement.java:152)
	at org.jetbrains.exposed.sql.statements.jdbc.JdbcPreparedStatementImpl.executeUpdate(JdbcPreparedStatementImpl.kt:55)
	at org.jetbrains.exposed.sql.statements.InsertStatement.execInsertFunction(InsertStatement.kt:158)
	at org.jetbrains.exposed.sql.statements.InsertStatement.executeInternal(InsertStatement.kt:168)
	at org.jetbrains.exposed.sql.statements.InsertStatement.executeInternal(InsertStatement.kt:18)
	at org.jetbrains.exposed.sql.statements.Statement.executeIn$exposed_core(Statement.kt:92)
	... 37 common frames omitted
2026-02-17 10:22:04.939 [JavaFX Application Thread] WARN  Exposed - Wait 0 milliseconds before retrying
2026-02-17 10:22:05.031 [JavaFX Application Thread] WARN  Exposed - Transaction attempt #1 failed: org.postgresql.util.PSQLException: ОШИБКА: столбец "machine_id" в таблице "notifications" не существует
  Позиция: 49. Statement(s): INSERT INTO notifications (created_at, is_read, machine_id, message, title, "type") VALUES (?, ?, ?, ?, ?, ?)
org.jetbrains.exposed.exceptions.ExposedSQLException: org.postgresql.util.PSQLException: ОШИБКА: столбец "machine_id" в таблице "notifications" не существует
  Позиция: 49
	at org.jetbrains.exposed.sql.statements.Statement.executeIn$exposed_core(Statement.kt:94)
	at org.jetbrains.exposed.sql.Transaction.exec(Transaction.kt:244)
	at org.jetbrains.exposed.sql.Transaction.exec(Transaction.kt:221)
	at org.jetbrains.exposed.sql.statements.Statement.execute(Statement.kt:55)
	at org.jetbrains.exposed.sql.QueriesKt.insert(Queries.kt:144)
	at com.vending.dao.NotificationDAO.create$lambda$6(DataDAOs.kt:236)
	at org.jetbrains.exposed.sql.transactions.ThreadLocalTransactionManagerKt.inTopLevelTransaction$run(ThreadLocalTransactionManager.kt:306)
	at org.jetbrains.exposed.sql.transactions.ThreadLocalTransactionManagerKt.access$inTopLevelTransaction$run(ThreadLocalTransactionManager.kt:1)
	at org.jetbrains.exposed.sql.transactions.ThreadLocalTransactionManagerKt$inTopLevelTransaction$1.invoke(ThreadLocalTransactionManager.kt:353)
	at org.jetbrains.exposed.sql.transactions.ThreadLocalTransactionManagerKt.keepAndRestoreTransactionRefAfterRun(ThreadLocalTransactionManager.kt:361)
	at org.jetbrains.exposed.sql.transactions.ThreadLocalTransactionManagerKt.inTopLevelTransaction(ThreadLocalTransactionManager.kt:352)
	at org.jetbrains.exposed.sql.transactions.ThreadLocalTransactionManagerKt$transaction$1.invoke(ThreadLocalTransactionManager.kt:261)
	at org.jetbrains.exposed.sql.transactions.ThreadLocalTransactionManagerKt.keepAndRestoreTransactionRefAfterRun(ThreadLocalTransactionManager.kt:361)
	at org.jetbrains.exposed.sql.transactions.ThreadLocalTransactionManagerKt.transaction(ThreadLocalTransactionManager.kt:231)
	at org.jetbrains.exposed.sql.transactions.ThreadLocalTransactionManagerKt.transaction(ThreadLocalTransactionManager.kt:209)
	at org.jetbrains.exposed.sql.transactions.ThreadLocalTransactionManagerKt.transaction$default(ThreadLocalTransactionManager.kt:208)
	at com.vending.dao.NotificationDAO.create(DataDAOs.kt:235)
	at com.vending.service.NotificationService.push(NotificationService.kt:56)
	at com.vending.service.NotificationService.startSimulation$lambda$15(NotificationService.kt:191)
	at com.sun.scenario.animation.shared.TimelineClipCore.visitKeyFrame(TimelineClipCore.java:239)
	at com.sun.scenario.animation.shared.TimelineClipCore.playTo(TimelineClipCore.java:180)
	at javafx.animation.Timeline.doPlayTo(Timeline.java:172)
	at javafx.animation.AnimationAccessorImpl.playTo(AnimationAccessorImpl.java:39)
	at com.sun.scenario.animation.shared.InfiniteClipEnvelope.timePulse(InfiniteClipEnvelope.java:104)
	at javafx.animation.Animation.doTimePulse(Animation.java:1189)
	at javafx.animation.Animation$1.lambda$timePulse$0(Animation.java:207)
	at java.base/java.security.AccessController.doPrivileged(AccessController.java:400)
	at javafx.animation.Animation$1.timePulse(Animation.java:206)
	at com.sun.scenario.animation.AbstractPrimaryTimer.timePulseImpl(AbstractPrimaryTimer.java:343)
	at com.sun.scenario.animation.AbstractPrimaryTimer$MainLoop.run(AbstractPrimaryTimer.java:266)
	at com.sun.javafx.tk.quantum.QuantumToolkit.pulse(QuantumToolkit.java:588)
	at com.sun.javafx.tk.quantum.QuantumToolkit.pulse(QuantumToolkit.java:572)
	at com.sun.javafx.tk.quantum.QuantumToolkit.pulseFromQueue(QuantumToolkit.java:565)
	at com.sun.javafx.tk.quantum.QuantumToolkit.lambda$runToolkit$11(QuantumToolkit.java:352)
	at com.sun.glass.ui.InvokeLaterDispatcher$Future.run(InvokeLaterDispatcher.java:95)
	at com.sun.glass.ui.win.WinApplication._runLoop(Native Method)
	at com.sun.glass.ui.win.WinApplication.lambda$runLoop$3(WinApplication.java:185)
	at java.base/java.lang.Thread.run(Thread.java:1583)
Caused by: org.postgresql.util.PSQLException: ОШИБКА: столбец "machine_id" в таблице "notifications" не существует
  Позиция: 49
	at org.postgresql.core.v3.QueryExecutorImpl.receiveErrorResponse(QueryExecutorImpl.java:2712)
	at org.postgresql.core.v3.QueryExecutorImpl.processResults(QueryExecutorImpl.java:2400)
	at org.postgresql.core.v3.QueryExecutorImpl.execute(QueryExecutorImpl.java:367)
	at org.postgresql.jdbc.PgStatement.executeInternal(PgStatement.java:498)
	at org.postgresql.jdbc.PgStatement.execute(PgStatement.java:415)
	at org.postgresql.jdbc.PgPreparedStatement.executeWithFlags(PgPreparedStatement.java:190)
	at org.postgresql.jdbc.PgPreparedStatement.executeUpdate(PgPreparedStatement.java:152)
	at org.jetbrains.exposed.sql.statements.jdbc.JdbcPreparedStatementImpl.executeUpdate(JdbcPreparedStatementImpl.kt:55)
	at org.jetbrains.exposed.sql.statements.InsertStatement.execInsertFunction(InsertStatement.kt:158)
	at org.jetbrains.exposed.sql.statements.InsertStatement.executeInternal(InsertStatement.kt:168)
	at org.jetbrains.exposed.sql.statements.InsertStatement.executeInternal(InsertStatement.kt:18)
	at org.jetbrains.exposed.sql.statements.Statement.executeIn$exposed_core(Statement.kt:92)
	... 37 common frames omitted
2026-02-17 10:22:05.032 [JavaFX Application Thread] WARN  Exposed - Wait 0 milliseconds before retrying
2026-02-17 10:22:05.125 [JavaFX Application Thread] WARN  Exposed - Transaction attempt #2 failed: org.postgresql.util.PSQLException: ОШИБКА: столбец "machine_id" в таблице "notifications" не существует
  Позиция: 49. Statement(s): INSERT INTO notifications (created_at, is_read, machine_id, message, title, "type") VALUES (?, ?, ?, ?, ?, ?)
org.jetbrains.exposed.exceptions.ExposedSQLException: org.postgresql.util.PSQLException: ОШИБКА: столбец "machine_id" в таблице "notifications" не существует
  Позиция: 49
	at org.jetbrains.exposed.sql.statements.Statement.executeIn$exposed_core(Statement.kt:94)
	at org.jetbrains.exposed.sql.Transaction.exec(Transaction.kt:244)
	at org.jetbrains.exposed.sql.Transaction.exec(Transaction.kt:221)
	at org.jetbrains.exposed.sql.statements.Statement.execute(Statement.kt:55)
	at org.jetbrains.exposed.sql.QueriesKt.insert(Queries.kt:144)
	at com.vending.dao.NotificationDAO.create$lambda$6(DataDAOs.kt:236)
	at org.jetbrains.exposed.sql.transactions.ThreadLocalTransactionManagerKt.inTopLevelTransaction$run(ThreadLocalTransactionManager.kt:306)
	at org.jetbrains.exposed.sql.transactions.ThreadLocalTransactionManagerKt.access$inTopLevelTransaction$run(ThreadLocalTransactionManager.kt:1)
	at org.jetbrains.exposed.sql.transactions.ThreadLocalTransactionManagerKt$inTopLevelTransaction$1.invoke(ThreadLocalTransactionManager.kt:353)
	at org.jetbrains.exposed.sql.transactions.ThreadLocalTransactionManagerKt.keepAndRestoreTransactionRefAfterRun(ThreadLocalTransactionManager.kt:361)
	at org.jetbrains.exposed.sql.transactions.ThreadLocalTransactionManagerKt.inTopLevelTransaction(ThreadLocalTransactionManager.kt:352)
	at org.jetbrains.exposed.sql.transactions.ThreadLocalTransactionManagerKt$transaction$1.invoke(ThreadLocalTransactionManager.kt:261)
	at org.jetbrains.exposed.sql.transactions.ThreadLocalTransactionManagerKt.keepAndRestoreTransactionRefAfterRun(ThreadLocalTransactionManager.kt:361)
	at org.jetbrains.exposed.sql.transactions.ThreadLocalTransactionManagerKt.transaction(ThreadLocalTransactionManager.kt:231)
	at org.jetbrains.exposed.sql.transactions.ThreadLocalTransactionManagerKt.transaction(ThreadLocalTransactionManager.kt:209)
	at org.jetbrains.exposed.sql.transactions.ThreadLocalTransactionManagerKt.transaction$default(ThreadLocalTransactionManager.kt:208)
	at com.vending.dao.NotificationDAO.create(DataDAOs.kt:235)
	at com.vending.service.NotificationService.push(NotificationService.kt:56)
	at com.vending.service.NotificationService.startSimulation$lambda$15(NotificationService.kt:191)
	at com.sun.scenario.animation.shared.TimelineClipCore.visitKeyFrame(TimelineClipCore.java:239)
	at com.sun.scenario.animation.shared.TimelineClipCore.playTo(TimelineClipCore.java:180)
	at javafx.animation.Timeline.doPlayTo(Timeline.java:172)
	at javafx.animation.AnimationAccessorImpl.playTo(AnimationAccessorImpl.java:39)
	at com.sun.scenario.animation.shared.InfiniteClipEnvelope.timePulse(InfiniteClipEnvelope.java:104)
	at javafx.animation.Animation.doTimePulse(Animation.java:1189)
	at javafx.animation.Animation$1.lambda$timePulse$0(Animation.java:207)
	at java.base/java.security.AccessController.doPrivileged(AccessController.java:400)
	at javafx.animation.Animation$1.timePulse(Animation.java:206)
	at com.sun.scenario.animation.AbstractPrimaryTimer.timePulseImpl(AbstractPrimaryTimer.java:343)
	at com.sun.scenario.animation.AbstractPrimaryTimer$MainLoop.run(AbstractPrimaryTimer.java:266)
	at com.sun.javafx.tk.quantum.QuantumToolkit.pulse(QuantumToolkit.java:588)
	at com.sun.javafx.tk.quantum.QuantumToolkit.pulse(QuantumToolkit.java:572)
	at com.sun.javafx.tk.quantum.QuantumToolkit.pulseFromQueue(QuantumToolkit.java:565)
	at com.sun.javafx.tk.quantum.QuantumToolkit.lambda$runToolkit$11(QuantumToolkit.java:352)
	at com.sun.glass.ui.InvokeLaterDispatcher$Future.run(InvokeLaterDispatcher.java:95)
	at com.sun.glass.ui.win.WinApplication._runLoop(Native Method)
	at com.sun.glass.ui.win.WinApplication.lambda$runLoop$3(WinApplication.java:185)
	at java.base/java.lang.Thread.run(Thread.java:1583)
Caused by: org.postgresql.util.PSQLException: ОШИБКА: столбец "machine_id" в таблице "notifications" не существует
  Позиция: 49
	at org.postgresql.core.v3.QueryExecutorImpl.receiveErrorResponse(QueryExecutorImpl.java:2712)
	at org.postgresql.core.v3.QueryExecutorImpl.processResults(QueryExecutorImpl.java:2400)
	at org.postgresql.core.v3.QueryExecutorImpl.execute(QueryExecutorImpl.java:367)
	at org.postgresql.jdbc.PgStatement.executeInternal(PgStatement.java:498)
	at org.postgresql.jdbc.PgStatement.execute(PgStatement.java:415)
	at org.postgresql.jdbc.PgPreparedStatement.executeWithFlags(PgPreparedStatement.java:190)
	at org.postgresql.jdbc.PgPreparedStatement.executeUpdate(PgPreparedStatement.java:152)
	at org.jetbrains.exposed.sql.statements.jdbc.JdbcPreparedStatementImpl.executeUpdate(JdbcPreparedStatementImpl.kt:55)
	at org.jetbrains.exposed.sql.statements.InsertStatement.execInsertFunction(InsertStatement.kt:158)
	at org.jetbrains.exposed.sql.statements.InsertStatement.executeInternal(InsertStatement.kt:168)
	at org.jetbrains.exposed.sql.statements.InsertStatement.executeInternal(InsertStatement.kt:18)
	at org.jetbrains.exposed.sql.statements.Statement.executeIn$exposed_core(Statement.kt:92)
	... 37 common frames omitted
2026-02-17 10:22:05.126 [JavaFX Application Thread] WARN  com.vending.service.NotificationService - Could not save notification to DB: org.postgresql.util.PSQLException: ОШИБКА: столбец "machine_id" в таблице "notifications" не существует
  Позиция: 49
2026-02-17 10:22:34.948 [JavaFX Application Thread] WARN  Exposed - Transaction attempt #0 failed: org.postgresql.util.PSQLException: ОШИБКА: столбец "machine_id" в таблице "notifications" не существует
  Позиция: 49. Statement(s): INSERT INTO notifications (created_at, is_read, machine_id, message, title, "type") VALUES (?, ?, ?, ?, ?, ?)
org.jetbrains.exposed.exceptions.ExposedSQLException: org.postgresql.util.PSQLException: ОШИБКА: столбец "machine_id" в таблице "notifications" не существует
  Позиция: 49
	at org.jetbrains.exposed.sql.statements.Statement.executeIn$exposed_core(Statement.kt:94)
	at org.jetbrains.exposed.sql.Transaction.exec(Transaction.kt:244)
	at org.jetbrains.exposed.sql.Transaction.exec(Transaction.kt:221)
	at org.jetbrains.exposed.sql.statements.Statement.execute(Statement.kt:55)
	at org.jetbrains.exposed.sql.QueriesKt.insert(Queries.kt:144)
	at com.vending.dao.NotificationDAO.create$lambda$6(DataDAOs.kt:236)
	at org.jetbrains.exposed.sql.transactions.ThreadLocalTransactionManagerKt.inTopLevelTransaction$run(ThreadLocalTransactionManager.kt:306)
	at org.jetbrains.exposed.sql.transactions.ThreadLocalTransactionManagerKt.access$inTopLevelTransaction$run(ThreadLocalTransactionManager.kt:1)
	at org.jetbrains.exposed.sql.transactions.ThreadLocalTransactionManagerKt$inTopLevelTransaction$1.invoke(ThreadLocalTransactionManager.kt:353)
	at org.jetbrains.exposed.sql.transactions.ThreadLocalTransactionManagerKt.keepAndRestoreTransactionRefAfterRun(ThreadLocalTransactionManager.kt:361)
	at org.jetbrains.exposed.sql.transactions.ThreadLocalTransactionManagerKt.inTopLevelTransaction(ThreadLocalTransactionManager.kt:352)
	at org.jetbrains.exposed.sql.transactions.ThreadLocalTransactionManagerKt$transaction$1.invoke(ThreadLocalTransactionManager.kt:261)
	at org.jetbrains.exposed.sql.transactions.ThreadLocalTransactionManagerKt.keepAndRestoreTransactionRefAfterRun(ThreadLocalTransactionManager.kt:361)
	at org.jetbrains.exposed.sql.transactions.ThreadLocalTransactionManagerKt.transaction(ThreadLocalTransactionManager.kt:231)
	at org.jetbrains.exposed.sql.transactions.ThreadLocalTransactionManagerKt.transaction(ThreadLocalTransactionManager.kt:209)
	at org.jetbrains.exposed.sql.transactions.ThreadLocalTransactionManagerKt.transaction$default(ThreadLocalTransactionManager.kt:208)
	at com.vending.dao.NotificationDAO.create(DataDAOs.kt:235)
	at com.vending.service.NotificationService.push(NotificationService.kt:56)
	at com.vending.service.NotificationService.startSimulation$lambda$15(NotificationService.kt:191)
	at com.sun.scenario.animation.shared.TimelineClipCore.visitKeyFrame(TimelineClipCore.java:239)
	at com.sun.scenario.animation.shared.TimelineClipCore.playTo(TimelineClipCore.java:180)
	at javafx.animation.Timeline.doPlayTo(Timeline.java:172)
	at javafx.animation.AnimationAccessorImpl.playTo(AnimationAccessorImpl.java:39)
	at com.sun.scenario.animation.shared.InfiniteClipEnvelope.timePulse(InfiniteClipEnvelope.java:104)
	at javafx.animation.Animation.doTimePulse(Animation.java:1189)
	at javafx.animation.Animation$1.lambda$timePulse$0(Animation.java:207)
	at java.base/java.security.AccessController.doPrivileged(AccessController.java:400)
	at javafx.animation.Animation$1.timePulse(Animation.java:206)
	at com.sun.scenario.animation.AbstractPrimaryTimer.timePulseImpl(AbstractPrimaryTimer.java:343)
	at com.sun.scenario.animation.AbstractPrimaryTimer$MainLoop.run(AbstractPrimaryTimer.java:266)
	at com.sun.javafx.tk.quantum.QuantumToolkit.pulse(QuantumToolkit.java:588)
	at com.sun.javafx.tk.quantum.QuantumToolkit.pulse(QuantumToolkit.java:572)
	at com.sun.javafx.tk.quantum.QuantumToolkit.pulseFromQueue(QuantumToolkit.java:565)
	at com.sun.javafx.tk.quantum.QuantumToolkit.lambda$runToolkit$11(QuantumToolkit.java:352)
	at com.sun.glass.ui.InvokeLaterDispatcher$Future.run(InvokeLaterDispatcher.java:95)
	at com.sun.glass.ui.win.WinApplication._runLoop(Native Method)
	at com.sun.glass.ui.win.WinApplication.lambda$runLoop$3(WinApplication.java:185)
	at java.base/java.lang.Thread.run(Thread.java:1583)
Caused by: org.postgresql.util.PSQLException: ОШИБКА: столбец "machine_id" в таблице "notifications" не существует
  Позиция: 49
	at org.postgresql.core.v3.QueryExecutorImpl.receiveErrorResponse(QueryExecutorImpl.java:2712)
	at org.postgresql.core.v3.QueryExecutorImpl.processResults(QueryExecutorImpl.java:2400)
	at org.postgresql.core.v3.QueryExecutorImpl.execute(QueryExecutorImpl.java:367)
	at org.postgresql.jdbc.PgStatement.executeInternal(PgStatement.java:498)
	at org.postgresql.jdbc.PgStatement.execute(PgStatement.java:415)
	at org.postgresql.jdbc.PgPreparedStatement.executeWithFlags(PgPreparedStatement.java:190)
	at org.postgresql.jdbc.PgPreparedStatement.executeUpdate(PgPreparedStatement.java:152)
	at org.jetbrains.exposed.sql.statements.jdbc.JdbcPreparedStatementImpl.executeUpdate(JdbcPreparedStatementImpl.kt:55)
	at org.jetbrains.exposed.sql.statements.InsertStatement.execInsertFunction(InsertStatement.kt:158)
	at org.jetbrains.exposed.sql.statements.InsertStatement.executeInternal(InsertStatement.kt:168)
	at org.jetbrains.exposed.sql.statements.InsertStatement.executeInternal(InsertStatement.kt:18)
	at org.jetbrains.exposed.sql.statements.Statement.executeIn$exposed_core(Statement.kt:92)
	... 37 common frames omitted
2026-02-17 10:22:34.949 [JavaFX Application Thread] WARN  Exposed - Wait 0 milliseconds before retrying
2026-02-17 10:22:35.067 [JavaFX Application Thread] WARN  Exposed - Transaction attempt #1 failed: org.postgresql.util.PSQLException: ОШИБКА: столбец "machine_id" в таблице "notifications" не существует
  Позиция: 49. Statement(s): INSERT INTO notifications (created_at, is_read, machine_id, message, title, "type") VALUES (?, ?, ?, ?, ?, ?)
org.jetbrains.exposed.exceptions.ExposedSQLException: org.postgresql.util.PSQLException: ОШИБКА: столбец "machine_id" в таблице "notifications" не существует
  Позиция: 49
	at org.jetbrains.exposed.sql.statements.Statement.executeIn$exposed_core(Statement.kt:94)
	at org.jetbrains.exposed.sql.Transaction.exec(Transaction.kt:244)
	at org.jetbrains.exposed.sql.Transaction.exec(Transaction.kt:221)
	at org.jetbrains.exposed.sql.statements.Statement.execute(Statement.kt:55)
	at org.jetbrains.exposed.sql.QueriesKt.insert(Queries.kt:144)
	at com.vending.dao.NotificationDAO.create$lambda$6(DataDAOs.kt:236)
	at org.jetbrains.exposed.sql.transactions.ThreadLocalTransactionManagerKt.inTopLevelTransaction$run(ThreadLocalTransactionManager.kt:306)
	at org.jetbrains.exposed.sql.transactions.ThreadLocalTransactionManagerKt.access$inTopLevelTransaction$run(ThreadLocalTransactionManager.kt:1)
	at org.jetbrains.exposed.sql.transactions.ThreadLocalTransactionManagerKt$inTopLevelTransaction$1.invoke(ThreadLocalTransactionManager.kt:353)
	at org.jetbrains.exposed.sql.transactions.ThreadLocalTransactionManagerKt.keepAndRestoreTransactionRefAfterRun(ThreadLocalTransactionManager.kt:361)
	at org.jetbrains.exposed.sql.transactions.ThreadLocalTransactionManagerKt.inTopLevelTransaction(ThreadLocalTransactionManager.kt:352)
	at org.jetbrains.exposed.sql.transactions.ThreadLocalTransactionManagerKt$transaction$1.invoke(ThreadLocalTransactionManager.kt:261)
	at org.jetbrains.exposed.sql.transactions.ThreadLocalTransactionManagerKt.keepAndRestoreTransactionRefAfterRun(ThreadLocalTransactionManager.kt:361)
	at org.jetbrains.exposed.sql.transactions.ThreadLocalTransactionManagerKt.transaction(ThreadLocalTransactionManager.kt:231)
	at org.jetbrains.exposed.sql.transactions.ThreadLocalTransactionManagerKt.transaction(ThreadLocalTransactionManager.kt:209)
	at org.jetbrains.exposed.sql.transactions.ThreadLocalTransactionManagerKt.transaction$default(ThreadLocalTransactionManager.kt:208)
	at com.vending.dao.NotificationDAO.create(DataDAOs.kt:235)
	at com.vending.service.NotificationService.push(NotificationService.kt:56)
	at com.vending.service.NotificationService.startSimulation$lambda$15(NotificationService.kt:191)
	at com.sun.scenario.animation.shared.TimelineClipCore.visitKeyFrame(TimelineClipCore.java:239)
	at com.sun.scenario.animation.shared.TimelineClipCore.playTo(TimelineClipCore.java:180)
	at javafx.animation.Timeline.doPlayTo(Timeline.java:172)
	at javafx.animation.AnimationAccessorImpl.playTo(AnimationAccessorImpl.java:39)
	at com.sun.scenario.animation.shared.InfiniteClipEnvelope.timePulse(InfiniteClipEnvelope.java:104)
	at javafx.animation.Animation.doTimePulse(Animation.java:1189)
	at javafx.animation.Animation$1.lambda$timePulse$0(Animation.java:207)
	at java.base/java.security.AccessController.doPrivileged(AccessController.java:400)
	at javafx.animation.Animation$1.timePulse(Animation.java:206)
	at com.sun.scenario.animation.AbstractPrimaryTimer.timePulseImpl(AbstractPrimaryTimer.java:343)
	at com.sun.scenario.animation.AbstractPrimaryTimer$MainLoop.run(AbstractPrimaryTimer.java:266)
	at com.sun.javafx.tk.quantum.QuantumToolkit.pulse(QuantumToolkit.java:588)
	at com.sun.javafx.tk.quantum.QuantumToolkit.pulse(QuantumToolkit.java:572)
	at com.sun.javafx.tk.quantum.QuantumToolkit.pulseFromQueue(QuantumToolkit.java:565)
	at com.sun.javafx.tk.quantum.QuantumToolkit.lambda$runToolkit$11(QuantumToolkit.java:352)
	at com.sun.glass.ui.InvokeLaterDispatcher$Future.run(InvokeLaterDispatcher.java:95)
	at com.sun.glass.ui.win.WinApplication._runLoop(Native Method)
	at com.sun.glass.ui.win.WinApplication.lambda$runLoop$3(WinApplication.java:185)
	at java.base/java.lang.Thread.run(Thread.java:1583)
Caused by: org.postgresql.util.PSQLException: ОШИБКА: столбец "machine_id" в таблице "notifications" не существует
  Позиция: 49
	at org.postgresql.core.v3.QueryExecutorImpl.receiveErrorResponse(QueryExecutorImpl.java:2712)
	at org.postgresql.core.v3.QueryExecutorImpl.processResults(QueryExecutorImpl.java:2400)
	at org.postgresql.core.v3.QueryExecutorImpl.execute(QueryExecutorImpl.java:367)
	at org.postgresql.jdbc.PgStatement.executeInternal(PgStatement.java:498)
	at org.postgresql.jdbc.PgStatement.execute(PgStatement.java:415)
	at org.postgresql.jdbc.PgPreparedStatement.executeWithFlags(PgPreparedStatement.java:190)
	at org.postgresql.jdbc.PgPreparedStatement.executeUpdate(PgPreparedStatement.java:152)
	at org.jetbrains.exposed.sql.statements.jdbc.JdbcPreparedStatementImpl.executeUpdate(JdbcPreparedStatementImpl.kt:55)
	at org.jetbrains.exposed.sql.statements.InsertStatement.execInsertFunction(InsertStatement.kt:158)
	at org.jetbrains.exposed.sql.statements.InsertStatement.executeInternal(InsertStatement.kt:168)
	at org.jetbrains.exposed.sql.statements.InsertStatement.executeInternal(InsertStatement.kt:18)
	at org.jetbrains.exposed.sql.statements.Statement.executeIn$exposed_core(Statement.kt:92)
	... 37 common frames omitted
2026-02-17 10:22:35.068 [JavaFX Application Thread] WARN  Exposed - Wait 0 milliseconds before retrying
2026-02-17 10:22:35.176 [JavaFX Application Thread] WARN  Exposed - Transaction attempt #2 failed: org.postgresql.util.PSQLException: ОШИБКА: столбец "machine_id" в таблице "notifications" не существует
  Позиция: 49. Statement(s): INSERT INTO notifications (created_at, is_read, machine_id, message, title, "type") VALUES (?, ?, ?, ?, ?, ?)
org.jetbrains.exposed.exceptions.ExposedSQLException: org.postgresql.util.PSQLException: ОШИБКА: столбец "machine_id" в таблице "notifications" не существует
  Позиция: 49
	at org.jetbrains.exposed.sql.statements.Statement.executeIn$exposed_core(Statement.kt:94)
	at org.jetbrains.exposed.sql.Transaction.exec(Transaction.kt:244)
	at org.jetbrains.exposed.sql.Transaction.exec(Transaction.kt:221)
	at org.jetbrains.exposed.sql.statements.Statement.execute(Statement.kt:55)
	at org.jetbrains.exposed.sql.QueriesKt.insert(Queries.kt:144)
	at com.vending.dao.NotificationDAO.create$lambda$6(DataDAOs.kt:236)
	at org.jetbrains.exposed.sql.transactions.ThreadLocalTransactionManagerKt.inTopLevelTransaction$run(ThreadLocalTransactionManager.kt:306)
	at org.jetbrains.exposed.sql.transactions.ThreadLocalTransactionManagerKt.access$inTopLevelTransaction$run(ThreadLocalTransactionManager.kt:1)
	at org.jetbrains.exposed.sql.transactions.ThreadLocalTransactionManagerKt$inTopLevelTransaction$1.invoke(ThreadLocalTransactionManager.kt:353)
	at org.jetbrains.exposed.sql.transactions.ThreadLocalTransactionManagerKt.keepAndRestoreTransactionRefAfterRun(ThreadLocalTransactionManager.kt:361)
	at org.jetbrains.exposed.sql.transactions.ThreadLocalTransactionManagerKt.inTopLevelTransaction(ThreadLocalTransactionManager.kt:352)
	at org.jetbrains.exposed.sql.transactions.ThreadLocalTransactionManagerKt$transaction$1.invoke(ThreadLocalTransactionManager.kt:261)
	at org.jetbrains.exposed.sql.transactions.ThreadLocalTransactionManagerKt.keepAndRestoreTransactionRefAfterRun(ThreadLocalTransactionManager.kt:361)
	at org.jetbrains.exposed.sql.transactions.ThreadLocalTransactionManagerKt.transaction(ThreadLocalTransactionManager.kt:231)
	at org.jetbrains.exposed.sql.transactions.ThreadLocalTransactionManagerKt.transaction(ThreadLocalTransactionManager.kt:209)
	at org.jetbrains.exposed.sql.transactions.ThreadLocalTransactionManagerKt.transaction$default(ThreadLocalTransactionManager.kt:208)
	at com.vending.dao.NotificationDAO.create(DataDAOs.kt:235)
	at com.vending.service.NotificationService.push(NotificationService.kt:56)
	at com.vending.service.NotificationService.startSimulation$lambda$15(NotificationService.kt:191)
	at com.sun.scenario.animation.shared.TimelineClipCore.visitKeyFrame(TimelineClipCore.java:239)
	at com.sun.scenario.animation.shared.TimelineClipCore.playTo(TimelineClipCore.java:180)
	at javafx.animation.Timeline.doPlayTo(Timeline.java:172)
	at javafx.animation.AnimationAccessorImpl.playTo(AnimationAccessorImpl.java:39)
	at com.sun.scenario.animation.shared.InfiniteClipEnvelope.timePulse(InfiniteClipEnvelope.java:104)
	at javafx.animation.Animation.doTimePulse(Animation.java:1189)
	at javafx.animation.Animation$1.lambda$timePulse$0(Animation.java:207)
	at java.base/java.security.AccessController.doPrivileged(AccessController.java:400)
	at javafx.animation.Animation$1.timePulse(Animation.java:206)
	at com.sun.scenario.animation.AbstractPrimaryTimer.timePulseImpl(AbstractPrimaryTimer.java:343)
	at com.sun.scenario.animation.AbstractPrimaryTimer$MainLoop.run(AbstractPrimaryTimer.java:266)
	at com.sun.javafx.tk.quantum.QuantumToolkit.pulse(QuantumToolkit.java:588)
	at com.sun.javafx.tk.quantum.QuantumToolkit.pulse(QuantumToolkit.java:572)
	at com.sun.javafx.tk.quantum.QuantumToolkit.pulseFromQueue(QuantumToolkit.java:565)
	at com.sun.javafx.tk.quantum.QuantumToolkit.lambda$runToolkit$11(QuantumToolkit.java:352)
	at com.sun.glass.ui.InvokeLaterDispatcher$Future.run(InvokeLaterDispatcher.java:95)
	at com.sun.glass.ui.win.WinApplication._runLoop(Native Method)
	at com.sun.glass.ui.win.WinApplication.lambda$runLoop$3(WinApplication.java:185)
	at java.base/java.lang.Thread.run(Thread.java:1583)
Caused by: org.postgresql.util.PSQLException: ОШИБКА: столбец "machine_id" в таблице "notifications" не существует
  Позиция: 49
	at org.postgresql.core.v3.QueryExecutorImpl.receiveErrorResponse(QueryExecutorImpl.java:2712)
	at org.postgresql.core.v3.QueryExecutorImpl.processResults(QueryExecutorImpl.java:2400)
	at org.postgresql.core.v3.QueryExecutorImpl.execute(QueryExecutorImpl.java:367)
	at org.postgresql.jdbc.PgStatement.executeInternal(PgStatement.java:498)
	at org.postgresql.jdbc.PgStatement.execute(PgStatement.java:415)
	at org.postgresql.jdbc.PgPreparedStatement.executeWithFlags(PgPreparedStatement.java:190)
	at org.postgresql.jdbc.PgPreparedStatement.executeUpdate(PgPreparedStatement.java:152)
	at org.jetbrains.exposed.sql.statements.jdbc.JdbcPreparedStatementImpl.executeUpdate(JdbcPreparedStatementImpl.kt:55)
	at org.jetbrains.exposed.sql.statements.InsertStatement.execInsertFunction(InsertStatement.kt:158)
	at org.jetbrains.exposed.sql.statements.InsertStatement.executeInternal(InsertStatement.kt:168)
	at org.jetbrains.exposed.sql.statements.InsertStatement.executeInternal(InsertStatement.kt:18)
	at org.jetbrains.exposed.sql.statements.Statement.executeIn$exposed_core(Statement.kt:92)
	... 37 common frames omitted
2026-02-17 10:22:35.178 [JavaFX Application Thread] WARN  com.vending.service.NotificationService - Could not save notification to DB: org.postgresql.util.PSQLException: ОШИБКА: столбец "machine_id" в таблице "notifications" не существует
  Позиция: 49
2026-02-17 10:23:04.912 [JavaFX Application Thread] WARN  Exposed - Transaction attempt #0 failed: org.postgresql.util.PSQLException: ОШИБКА: столбец "machine_id" в таблице "notifications" не существует
  Позиция: 49. Statement(s): INSERT INTO notifications (created_at, is_read, machine_id, message, title, "type") VALUES (?, ?, ?, ?, ?, ?)
org.jetbrains.exposed.exceptions.ExposedSQLException: org.postgresql.util.PSQLException: ОШИБКА: столбец "machine_id" в таблице "notifications" не существует
  Позиция: 49
	at org.jetbrains.exposed.sql.statements.Statement.executeIn$exposed_core(Statement.kt:94)
	at org.jetbrains.exposed.sql.Transaction.exec(Transaction.kt:244)
	at org.jetbrains.exposed.sql.Transaction.exec(Transaction.kt:221)
	at org.jetbrains.exposed.sql.statements.Statement.execute(Statement.kt:55)
	at org.jetbrains.exposed.sql.QueriesKt.insert(Queries.kt:144)
	at com.vending.dao.NotificationDAO.create$lambda$6(DataDAOs.kt:236)
	at org.jetbrains.exposed.sql.transactions.ThreadLocalTransactionManagerKt.inTopLevelTransaction$run(ThreadLocalTransactionManager.kt:306)
	at org.jetbrains.exposed.sql.transactions.ThreadLocalTransactionManagerKt.access$inTopLevelTransaction$run(ThreadLocalTransactionManager.kt:1)
	at org.jetbrains.exposed.sql.transactions.ThreadLocalTransactionManagerKt$inTopLevelTransaction$1.invoke(ThreadLocalTransactionManager.kt:353)
	at org.jetbrains.exposed.sql.transactions.ThreadLocalTransactionManagerKt.keepAndRestoreTransactionRefAfterRun(ThreadLocalTransactionManager.kt:361)
	at org.jetbrains.exposed.sql.transactions.ThreadLocalTransactionManagerKt.inTopLevelTransaction(ThreadLocalTransactionManager.kt:352)
	at org.jetbrains.exposed.sql.transactions.ThreadLocalTransactionManagerKt$transaction$1.invoke(ThreadLocalTransactionManager.kt:261)
	at org.jetbrains.exposed.sql.transactions.ThreadLocalTransactionManagerKt.keepAndRestoreTransactionRefAfterRun(ThreadLocalTransactionManager.kt:361)
	at org.jetbrains.exposed.sql.transactions.ThreadLocalTransactionManagerKt.transaction(ThreadLocalTransactionManager.kt:231)
	at org.jetbrains.exposed.sql.transactions.ThreadLocalTransactionManagerKt.transaction(ThreadLocalTransactionManager.kt:209)
	at org.jetbrains.exposed.sql.transactions.ThreadLocalTransactionManagerKt.transaction$default(ThreadLocalTransactionManager.kt:208)
	at com.vending.dao.NotificationDAO.create(DataDAOs.kt:235)
	at com.vending.service.NotificationService.push(NotificationService.kt:56)
	at com.vending.service.NotificationService.startSimulation$lambda$15(NotificationService.kt:191)
	at com.sun.scenario.animation.shared.TimelineClipCore.visitKeyFrame(TimelineClipCore.java:239)
	at com.sun.scenario.animation.shared.TimelineClipCore.playTo(TimelineClipCore.java:180)
	at javafx.animation.Timeline.doPlayTo(Timeline.java:172)
	at javafx.animation.AnimationAccessorImpl.playTo(AnimationAccessorImpl.java:39)
	at com.sun.scenario.animation.shared.InfiniteClipEnvelope.timePulse(InfiniteClipEnvelope.java:104)
	at javafx.animation.Animation.doTimePulse(Animation.java:1189)
	at javafx.animation.Animation$1.lambda$timePulse$0(Animation.java:207)
	at java.base/java.security.AccessController.doPrivileged(AccessController.java:400)
	at javafx.animation.Animation$1.timePulse(Animation.java:206)
	at com.sun.scenario.animation.AbstractPrimaryTimer.timePulseImpl(AbstractPrimaryTimer.java:343)
	at com.sun.scenario.animation.AbstractPrimaryTimer$MainLoop.run(AbstractPrimaryTimer.java:266)
	at com.sun.javafx.tk.quantum.QuantumToolkit.pulse(QuantumToolkit.java:588)
	at com.sun.javafx.tk.quantum.QuantumToolkit.pulse(QuantumToolkit.java:572)
	at com.sun.javafx.tk.quantum.QuantumToolkit.pulseFromQueue(QuantumToolkit.java:565)
	at com.sun.javafx.tk.quantum.QuantumToolkit.lambda$runToolkit$11(QuantumToolkit.java:352)
	at com.sun.glass.ui.InvokeLaterDispatcher$Future.run(InvokeLaterDispatcher.java:95)
	at com.sun.glass.ui.win.WinApplication._runLoop(Native Method)
	at com.sun.glass.ui.win.WinApplication.lambda$runLoop$3(WinApplication.java:185)
	at java.base/java.lang.Thread.run(Thread.java:1583)
Caused by: org.postgresql.util.PSQLException: ОШИБКА: столбец "machine_id" в таблице "notifications" не существует
  Позиция: 49
	at org.postgresql.core.v3.QueryExecutorImpl.receiveErrorResponse(QueryExecutorImpl.java:2712)
	at org.postgresql.core.v3.QueryExecutorImpl.processResults(QueryExecutorImpl.java:2400)
	at org.postgresql.core.v3.QueryExecutorImpl.execute(QueryExecutorImpl.java:367)
	at org.postgresql.jdbc.PgStatement.executeInternal(PgStatement.java:498)
	at org.postgresql.jdbc.PgStatement.execute(PgStatement.java:415)
	at org.postgresql.jdbc.PgPreparedStatement.executeWithFlags(PgPreparedStatement.java:190)
	at org.postgresql.jdbc.PgPreparedStatement.executeUpdate(PgPreparedStatement.java:152)
	at org.jetbrains.exposed.sql.statements.jdbc.JdbcPreparedStatementImpl.executeUpdate(JdbcPreparedStatementImpl.kt:55)
	at org.jetbrains.exposed.sql.statements.InsertStatement.execInsertFunction(InsertStatement.kt:158)
	at org.jetbrains.exposed.sql.statements.InsertStatement.executeInternal(InsertStatement.kt:168)
	at org.jetbrains.exposed.sql.statements.InsertStatement.executeInternal(InsertStatement.kt:18)
	at org.jetbrains.exposed.sql.statements.Statement.executeIn$exposed_core(Statement.kt:92)
	... 37 common frames omitted
2026-02-17 10:23:04.912 [JavaFX Application Thread] WARN  Exposed - Wait 0 milliseconds before retrying
2026-02-17 10:23:05.002 [JavaFX Application Thread] WARN  Exposed - Transaction attempt #1 failed: org.postgresql.util.PSQLException: ОШИБКА: столбец "machine_id" в таблице "notifications" не существует
  Позиция: 49. Statement(s): INSERT INTO notifications (created_at, is_read, machine_id, message, title, "type") VALUES (?, ?, ?, ?, ?, ?)
org.jetbrains.exposed.exceptions.ExposedSQLException: org.postgresql.util.PSQLException: ОШИБКА: столбец "machine_id" в таблице "notifications" не существует
  Позиция: 49
	at org.jetbrains.exposed.sql.statements.Statement.executeIn$exposed_core(Statement.kt:94)
	at org.jetbrains.exposed.sql.Transaction.exec(Transaction.kt:244)
	at org.jetbrains.exposed.sql.Transaction.exec(Transaction.kt:221)
	at org.jetbrains.exposed.sql.statements.Statement.execute(Statement.kt:55)
	at org.jetbrains.exposed.sql.QueriesKt.insert(Queries.kt:144)
	at com.vending.dao.NotificationDAO.create$lambda$6(DataDAOs.kt:236)
	at org.jetbrains.exposed.sql.transactions.ThreadLocalTransactionManagerKt.inTopLevelTransaction$run(ThreadLocalTransactionManager.kt:306)
	at org.jetbrains.exposed.sql.transactions.ThreadLocalTransactionManagerKt.access$inTopLevelTransaction$run(ThreadLocalTransactionManager.kt:1)
	at org.jetbrains.exposed.sql.transactions.ThreadLocalTransactionManagerKt$inTopLevelTransaction$1.invoke(ThreadLocalTransactionManager.kt:353)
	at org.jetbrains.exposed.sql.transactions.ThreadLocalTransactionManagerKt.keepAndRestoreTransactionRefAfterRun(ThreadLocalTransactionManager.kt:361)
	at org.jetbrains.exposed.sql.transactions.ThreadLocalTransactionManagerKt.inTopLevelTransaction(ThreadLocalTransactionManager.kt:352)
	at org.jetbrains.exposed.sql.transactions.ThreadLocalTransactionManagerKt$transaction$1.invoke(ThreadLocalTransactionManager.kt:261)
	at org.jetbrains.exposed.sql.transactions.ThreadLocalTransactionManagerKt.keepAndRestoreTransactionRefAfterRun(ThreadLocalTransactionManager.kt:361)
	at org.jetbrains.exposed.sql.transactions.ThreadLocalTransactionManagerKt.transaction(ThreadLocalTransactionManager.kt:231)
	at org.jetbrains.exposed.sql.transactions.ThreadLocalTransactionManagerKt.transaction(ThreadLocalTransactionManager.kt:209)
	at org.jetbrains.exposed.sql.transactions.ThreadLocalTransactionManagerKt.transaction$default(ThreadLocalTransactionManager.kt:208)
	at com.vending.dao.NotificationDAO.create(DataDAOs.kt:235)
	at com.vending.service.NotificationService.push(NotificationService.kt:56)
	at com.vending.service.NotificationService.startSimulation$lambda$15(NotificationService.kt:191)
	at com.sun.scenario.animation.shared.TimelineClipCore.visitKeyFrame(TimelineClipCore.java:239)
	at com.sun.scenario.animation.shared.TimelineClipCore.playTo(TimelineClipCore.java:180)
	at javafx.animation.Timeline.doPlayTo(Timeline.java:172)
	at javafx.animation.AnimationAccessorImpl.playTo(AnimationAccessorImpl.java:39)
	at com.sun.scenario.animation.shared.InfiniteClipEnvelope.timePulse(InfiniteClipEnvelope.java:104)
	at javafx.animation.Animation.doTimePulse(Animation.java:1189)
	at javafx.animation.Animation$1.lambda$timePulse$0(Animation.java:207)
	at java.base/java.security.AccessController.doPrivileged(AccessController.java:400)
	at javafx.animation.Animation$1.timePulse(Animation.java:206)
	at com.sun.scenario.animation.AbstractPrimaryTimer.timePulseImpl(AbstractPrimaryTimer.java:343)
	at com.sun.scenario.animation.AbstractPrimaryTimer$MainLoop.run(AbstractPrimaryTimer.java:266)
	at com.sun.javafx.tk.quantum.QuantumToolkit.pulse(QuantumToolkit.java:588)
	at com.sun.javafx.tk.quantum.QuantumToolkit.pulse(QuantumToolkit.java:572)
	at com.sun.javafx.tk.quantum.QuantumToolkit.pulseFromQueue(QuantumToolkit.java:565)
	at com.sun.javafx.tk.quantum.QuantumToolkit.lambda$runToolkit$11(QuantumToolkit.java:352)
	at com.sun.glass.ui.InvokeLaterDispatcher$Future.run(InvokeLaterDispatcher.java:95)
	at com.sun.glass.ui.win.WinApplication._runLoop(Native Method)
	at com.sun.glass.ui.win.WinApplication.lambda$runLoop$3(WinApplication.java:185)
	at java.base/java.lang.Thread.run(Thread.java:1583)
Caused by: org.postgresql.util.PSQLException: ОШИБКА: столбец "machine_id" в таблице "notifications" не существует
  Позиция: 49
	at org.postgresql.core.v3.QueryExecutorImpl.receiveErrorResponse(QueryExecutorImpl.java:2712)
	at org.postgresql.core.v3.QueryExecutorImpl.processResults(QueryExecutorImpl.java:2400)
	at org.postgresql.core.v3.QueryExecutorImpl.execute(QueryExecutorImpl.java:367)
	at org.postgresql.jdbc.PgStatement.executeInternal(PgStatement.java:498)
	at org.postgresql.jdbc.PgStatement.execute(PgStatement.java:415)
	at org.postgresql.jdbc.PgPreparedStatement.executeWithFlags(PgPreparedStatement.java:190)
	at org.postgresql.jdbc.PgPreparedStatement.executeUpdate(PgPreparedStatement.java:152)
	at org.jetbrains.exposed.sql.statements.jdbc.JdbcPreparedStatementImpl.executeUpdate(JdbcPreparedStatementImpl.kt:55)
	at org.jetbrains.exposed.sql.statements.InsertStatement.execInsertFunction(InsertStatement.kt:158)
	at org.jetbrains.exposed.sql.statements.InsertStatement.executeInternal(InsertStatement.kt:168)
	at org.jetbrains.exposed.sql.statements.InsertStatement.executeInternal(InsertStatement.kt:18)
	at org.jetbrains.exposed.sql.statements.Statement.executeIn$exposed_core(Statement.kt:92)
	... 37 common frames omitted
2026-02-17 10:23:05.002 [JavaFX Application Thread] WARN  Exposed - Wait 0 milliseconds before retrying
2026-02-17 10:23:05.097 [JavaFX Application Thread] WARN  Exposed - Transaction attempt #2 failed: org.postgresql.util.PSQLException: ОШИБКА: столбец "machine_id" в таблице "notifications" не существует
  Позиция: 49. Statement(s): INSERT INTO notifications (created_at, is_read, machine_id, message, title, "type") VALUES (?, ?, ?, ?, ?, ?)
org.jetbrains.exposed.exceptions.ExposedSQLException: org.postgresql.util.PSQLException: ОШИБКА: столбец "machine_id" в таблице "notifications" не существует
  Позиция: 49
	at org.jetbrains.exposed.sql.statements.Statement.executeIn$exposed_core(Statement.kt:94)
	at org.jetbrains.exposed.sql.Transaction.exec(Transaction.kt:244)
	at org.jetbrains.exposed.sql.Transaction.exec(Transaction.kt:221)
	at org.jetbrains.exposed.sql.statements.Statement.execute(Statement.kt:55)
	at org.jetbrains.exposed.sql.QueriesKt.insert(Queries.kt:144)
	at com.vending.dao.NotificationDAO.create$lambda$6(DataDAOs.kt:236)
	at org.jetbrains.exposed.sql.transactions.ThreadLocalTransactionManagerKt.inTopLevelTransaction$run(ThreadLocalTransactionManager.kt:306)
	at org.jetbrains.exposed.sql.transactions.ThreadLocalTransactionManagerKt.access$inTopLevelTransaction$run(ThreadLocalTransactionManager.kt:1)
	at org.jetbrains.exposed.sql.transactions.ThreadLocalTransactionManagerKt$inTopLevelTransaction$1.invoke(ThreadLocalTransactionManager.kt:353)
	at org.jetbrains.exposed.sql.transactions.ThreadLocalTransactionManagerKt.keepAndRestoreTransactionRefAfterRun(ThreadLocalTransactionManager.kt:361)
	at org.jetbrains.exposed.sql.transactions.ThreadLocalTransactionManagerKt.inTopLevelTransaction(ThreadLocalTransactionManager.kt:352)
	at org.jetbrains.exposed.sql.transactions.ThreadLocalTransactionManagerKt$transaction$1.invoke(ThreadLocalTransactionManager.kt:261)
	at org.jetbrains.exposed.sql.transactions.ThreadLocalTransactionManagerKt.keepAndRestoreTransactionRefAfterRun(ThreadLocalTransactionManager.kt:361)
	at org.jetbrains.exposed.sql.transactions.ThreadLocalTransactionManagerKt.transaction(ThreadLocalTransactionManager.kt:231)
	at org.jetbrains.exposed.sql.transactions.ThreadLocalTransactionManagerKt.transaction(ThreadLocalTransactionManager.kt:209)
	at org.jetbrains.exposed.sql.transactions.ThreadLocalTransactionManagerKt.transaction$default(ThreadLocalTransactionManager.kt:208)
	at com.vending.dao.NotificationDAO.create(DataDAOs.kt:235)
	at com.vending.service.NotificationService.push(NotificationService.kt:56)
	at com.vending.service.NotificationService.startSimulation$lambda$15(NotificationService.kt:191)
	at com.sun.scenario.animation.shared.TimelineClipCore.visitKeyFrame(TimelineClipCore.java:239)
	at com.sun.scenario.animation.shared.TimelineClipCore.playTo(TimelineClipCore.java:180)
	at javafx.animation.Timeline.doPlayTo(Timeline.java:172)
	at javafx.animation.AnimationAccessorImpl.playTo(AnimationAccessorImpl.java:39)
	at com.sun.scenario.animation.shared.InfiniteClipEnvelope.timePulse(InfiniteClipEnvelope.java:104)
	at javafx.animation.Animation.doTimePulse(Animation.java:1189)
	at javafx.animation.Animation$1.lambda$timePulse$0(Animation.java:207)
	at java.base/java.security.AccessController.doPrivileged(AccessController.java:400)
	at javafx.animation.Animation$1.timePulse(Animation.java:206)
	at com.sun.scenario.animation.AbstractPrimaryTimer.timePulseImpl(AbstractPrimaryTimer.java:343)
	at com.sun.scenario.animation.AbstractPrimaryTimer$MainLoop.run(AbstractPrimaryTimer.java:266)
	at com.sun.javafx.tk.quantum.QuantumToolkit.pulse(QuantumToolkit.java:588)
	at com.sun.javafx.tk.quantum.QuantumToolkit.pulse(QuantumToolkit.java:572)
	at com.sun.javafx.tk.quantum.QuantumToolkit.pulseFromQueue(QuantumToolkit.java:565)
	at com.sun.javafx.tk.quantum.QuantumToolkit.lambda$runToolkit$11(QuantumToolkit.java:352)
	at com.sun.glass.ui.InvokeLaterDispatcher$Future.run(InvokeLaterDispatcher.java:95)
	at com.sun.glass.ui.win.WinApplication._runLoop(Native Method)
	at com.sun.glass.ui.win.WinApplication.lambda$runLoop$3(WinApplication.java:185)
	at java.base/java.lang.Thread.run(Thread.java:1583)
Caused by: org.postgresql.util.PSQLException: ОШИБКА: столбец "machine_id" в таблице "notifications" не существует
  Позиция: 49
	at org.postgresql.core.v3.QueryExecutorImpl.receiveErrorResponse(QueryExecutorImpl.java:2712)
	at org.postgresql.core.v3.QueryExecutorImpl.processResults(QueryExecutorImpl.java:2400)
	at org.postgresql.core.v3.QueryExecutorImpl.execute(QueryExecutorImpl.java:367)
	at org.postgresql.jdbc.PgStatement.executeInternal(PgStatement.java:498)
	at org.postgresql.jdbc.PgStatement.execute(PgStatement.java:415)
	at org.postgresql.jdbc.PgPreparedStatement.executeWithFlags(PgPreparedStatement.java:190)
	at org.postgresql.jdbc.PgPreparedStatement.executeUpdate(PgPreparedStatement.java:152)
	at org.jetbrains.exposed.sql.statements.jdbc.JdbcPreparedStatementImpl.executeUpdate(JdbcPreparedStatementImpl.kt:55)
	at org.jetbrains.exposed.sql.statements.InsertStatement.execInsertFunction(InsertStatement.kt:158)
	at org.jetbrains.exposed.sql.statements.InsertStatement.executeInternal(InsertStatement.kt:168)
	at org.jetbrains.exposed.sql.statements.InsertStatement.executeInternal(InsertStatement.kt:18)
	at org.jetbrains.exposed.sql.statements.Statement.executeIn$exposed_core(Statement.kt:92)
	... 37 common frames omitted
2026-02-17 10:23:05.097 [JavaFX Application Thread] WARN  com.vending.service.NotificationService - Could not save notification to DB: org.postgresql.util.PSQLException: ОШИБКА: столбец "machine_id" в таблице "notifications" не существует
  Позиция: 49
2026-02-17 10:23:34.930 [JavaFX Application Thread] WARN  Exposed - Transaction attempt #0 failed: org.postgresql.util.PSQLException: ОШИБКА: столбец "machine_id" в таблице "notifications" не существует
  Позиция: 49. Statement(s): INSERT INTO notifications (created_at, is_read, machine_id, message, title, "type") VALUES (?, ?, ?, ?, ?, ?)
org.jetbrains.exposed.exceptions.ExposedSQLException: org.postgresql.util.PSQLException: ОШИБКА: столбец "machine_id" в таблице "notifications" не существует
  Позиция: 49
	at org.jetbrains.exposed.sql.statements.Statement.executeIn$exposed_core(Statement.kt:94)
	at org.jetbrains.exposed.sql.Transaction.exec(Transaction.kt:244)
	at org.jetbrains.exposed.sql.Transaction.exec(Transaction.kt:221)
	at org.jetbrains.exposed.sql.statements.Statement.execute(Statement.kt:55)
	at org.jetbrains.exposed.sql.QueriesKt.insert(Queries.kt:144)
	at com.vending.dao.NotificationDAO.create$lambda$6(DataDAOs.kt:236)
	at org.jetbrains.exposed.sql.transactions.ThreadLocalTransactionManagerKt.inTopLevelTransaction$run(ThreadLocalTransactionManager.kt:306)
	at org.jetbrains.exposed.sql.transactions.ThreadLocalTransactionManagerKt.access$inTopLevelTransaction$run(ThreadLocalTransactionManager.kt:1)
	at org.jetbrains.exposed.sql.transactions.ThreadLocalTransactionManagerKt$inTopLevelTransaction$1.invoke(ThreadLocalTransactionManager.kt:353)
	at org.jetbrains.exposed.sql.transactions.ThreadLocalTransactionManagerKt.keepAndRestoreTransactionRefAfterRun(ThreadLocalTransactionManager.kt:361)
	at org.jetbrains.exposed.sql.transactions.ThreadLocalTransactionManagerKt.inTopLevelTransaction(ThreadLocalTransactionManager.kt:352)
	at org.jetbrains.exposed.sql.transactions.ThreadLocalTransactionManagerKt$transaction$1.invoke(ThreadLocalTransactionManager.kt:261)
	at org.jetbrains.exposed.sql.transactions.ThreadLocalTransactionManagerKt.keepAndRestoreTransactionRefAfterRun(ThreadLocalTransactionManager.kt:361)
	at org.jetbrains.exposed.sql.transactions.ThreadLocalTransactionManagerKt.transaction(ThreadLocalTransactionManager.kt:231)
	at org.jetbrains.exposed.sql.transactions.ThreadLocalTransactionManagerKt.transaction(ThreadLocalTransactionManager.kt:209)
	at org.jetbrains.exposed.sql.transactions.ThreadLocalTransactionManagerKt.transaction$default(ThreadLocalTransactionManager.kt:208)
	at com.vending.dao.NotificationDAO.create(DataDAOs.kt:235)
	at com.vending.service.NotificationService.push(NotificationService.kt:56)
	at com.vending.service.NotificationService.startSimulation$lambda$15(NotificationService.kt:191)
	at com.sun.scenario.animation.shared.TimelineClipCore.visitKeyFrame(TimelineClipCore.java:239)
	at com.sun.scenario.animation.shared.TimelineClipCore.playTo(TimelineClipCore.java:180)
	at javafx.animation.Timeline.doPlayTo(Timeline.java:172)
	at javafx.animation.AnimationAccessorImpl.playTo(AnimationAccessorImpl.java:39)
	at com.sun.scenario.animation.shared.InfiniteClipEnvelope.timePulse(InfiniteClipEnvelope.java:104)
	at javafx.animation.Animation.doTimePulse(Animation.java:1189)
	at javafx.animation.Animation$1.lambda$timePulse$0(Animation.java:207)
	at java.base/java.security.AccessController.doPrivileged(AccessController.java:400)
	at javafx.animation.Animation$1.timePulse(Animation.java:206)
	at com.sun.scenario.animation.AbstractPrimaryTimer.timePulseImpl(AbstractPrimaryTimer.java:343)
	at com.sun.scenario.animation.AbstractPrimaryTimer$MainLoop.run(AbstractPrimaryTimer.java:266)
	at com.sun.javafx.tk.quantum.QuantumToolkit.pulse(QuantumToolkit.java:588)
	at com.sun.javafx.tk.quantum.QuantumToolkit.pulse(QuantumToolkit.java:572)
	at com.sun.javafx.tk.quantum.QuantumToolkit.pulseFromQueue(QuantumToolkit.java:565)
	at com.sun.javafx.tk.quantum.QuantumToolkit.lambda$runToolkit$11(QuantumToolkit.java:352)
	at com.sun.glass.ui.InvokeLaterDispatcher$Future.run(InvokeLaterDispatcher.java:95)
	at com.sun.glass.ui.win.WinApplication._runLoop(Native Method)
	at com.sun.glass.ui.win.WinApplication.lambda$runLoop$3(WinApplication.java:185)
	at java.base/java.lang.Thread.run(Thread.java:1583)
Caused by: org.postgresql.util.PSQLException: ОШИБКА: столбец "machine_id" в таблице "notifications" не существует
  Позиция: 49
	at org.postgresql.core.v3.QueryExecutorImpl.receiveErrorResponse(QueryExecutorImpl.java:2712)
	at org.postgresql.core.v3.QueryExecutorImpl.processResults(QueryExecutorImpl.java:2400)
	at org.postgresql.core.v3.QueryExecutorImpl.execute(QueryExecutorImpl.java:367)
	at org.postgresql.jdbc.PgStatement.executeInternal(PgStatement.java:498)
	at org.postgresql.jdbc.PgStatement.execute(PgStatement.java:415)
	at org.postgresql.jdbc.PgPreparedStatement.executeWithFlags(PgPreparedStatement.java:190)
	at org.postgresql.jdbc.PgPreparedStatement.executeUpdate(PgPreparedStatement.java:152)
	at org.jetbrains.exposed.sql.statements.jdbc.JdbcPreparedStatementImpl.executeUpdate(JdbcPreparedStatementImpl.kt:55)
	at org.jetbrains.exposed.sql.statements.InsertStatement.execInsertFunction(InsertStatement.kt:158)
	at org.jetbrains.exposed.sql.statements.InsertStatement.executeInternal(InsertStatement.kt:168)
	at org.jetbrains.exposed.sql.statements.InsertStatement.executeInternal(InsertStatement.kt:18)
	at org.jetbrains.exposed.sql.statements.Statement.executeIn$exposed_core(Statement.kt:92)
	... 37 common frames omitted
2026-02-17 10:23:34.930 [JavaFX Application Thread] WARN  Exposed - Wait 0 milliseconds before retrying
2026-02-17 10:23:35.021 [JavaFX Application Thread] WARN  Exposed - Transaction attempt #1 failed: org.postgresql.util.PSQLException: ОШИБКА: столбец "machine_id" в таблице "notifications" не существует
  Позиция: 49. Statement(s): INSERT INTO notifications (created_at, is_read, machine_id, message, title, "type") VALUES (?, ?, ?, ?, ?, ?)
org.jetbrains.exposed.exceptions.ExposedSQLException: org.postgresql.util.PSQLException: ОШИБКА: столбец "machine_id" в таблице "notifications" не существует
  Позиция: 49
	at org.jetbrains.exposed.sql.statements.Statement.executeIn$exposed_core(Statement.kt:94)
	at org.jetbrains.exposed.sql.Transaction.exec(Transaction.kt:244)
	at org.jetbrains.exposed.sql.Transaction.exec(Transaction.kt:221)
	at org.jetbrains.exposed.sql.statements.Statement.execute(Statement.kt:55)
	at org.jetbrains.exposed.sql.QueriesKt.insert(Queries.kt:144)
	at com.vending.dao.NotificationDAO.create$lambda$6(DataDAOs.kt:236)
	at org.jetbrains.exposed.sql.transactions.ThreadLocalTransactionManagerKt.inTopLevelTransaction$run(ThreadLocalTransactionManager.kt:306)
	at org.jetbrains.exposed.sql.transactions.ThreadLocalTransactionManagerKt.access$inTopLevelTransaction$run(ThreadLocalTransactionManager.kt:1)
	at org.jetbrains.exposed.sql.transactions.ThreadLocalTransactionManagerKt$inTopLevelTransaction$1.invoke(ThreadLocalTransactionManager.kt:353)
	at org.jetbrains.exposed.sql.transactions.ThreadLocalTransactionManagerKt.keepAndRestoreTransactionRefAfterRun(ThreadLocalTransactionManager.kt:361)
	at org.jetbrains.exposed.sql.transactions.ThreadLocalTransactionManagerKt.inTopLevelTransaction(ThreadLocalTransactionManager.kt:352)
	at org.jetbrains.exposed.sql.transactions.ThreadLocalTransactionManagerKt$transaction$1.invoke(ThreadLocalTransactionManager.kt:261)
	at org.jetbrains.exposed.sql.transactions.ThreadLocalTransactionManagerKt.keepAndRestoreTransactionRefAfterRun(ThreadLocalTransactionManager.kt:361)
	at org.jetbrains.exposed.sql.transactions.ThreadLocalTransactionManagerKt.transaction(ThreadLocalTransactionManager.kt:231)
	at org.jetbrains.exposed.sql.transactions.ThreadLocalTransactionManagerKt.transaction(ThreadLocalTransactionManager.kt:209)
	at org.jetbrains.exposed.sql.transactions.ThreadLocalTransactionManagerKt.transaction$default(ThreadLocalTransactionManager.kt:208)
	at com.vending.dao.NotificationDAO.create(DataDAOs.kt:235)
	at com.vending.service.NotificationService.push(NotificationService.kt:56)
	at com.vending.service.NotificationService.startSimulation$lambda$15(NotificationService.kt:191)
	at com.sun.scenario.animation.shared.TimelineClipCore.visitKeyFrame(TimelineClipCore.java:239)
	at com.sun.scenario.animation.shared.TimelineClipCore.playTo(TimelineClipCore.java:180)
	at javafx.animation.Timeline.doPlayTo(Timeline.java:172)
	at javafx.animation.AnimationAccessorImpl.playTo(AnimationAccessorImpl.java:39)
	at com.sun.scenario.animation.shared.InfiniteClipEnvelope.timePulse(InfiniteClipEnvelope.java:104)
	at javafx.animation.Animation.doTimePulse(Animation.java:1189)
	at javafx.animation.Animation$1.lambda$timePulse$0(Animation.java:207)
	at java.base/java.security.AccessController.doPrivileged(AccessController.java:400)
	at javafx.animation.Animation$1.timePulse(Animation.java:206)
	at com.sun.scenario.animation.AbstractPrimaryTimer.timePulseImpl(AbstractPrimaryTimer.java:343)
	at com.sun.scenario.animation.AbstractPrimaryTimer$MainLoop.run(AbstractPrimaryTimer.java:266)
	at com.sun.javafx.tk.quantum.QuantumToolkit.pulse(QuantumToolkit.java:588)
	at com.sun.javafx.tk.quantum.QuantumToolkit.pulse(QuantumToolkit.java:572)
	at com.sun.javafx.tk.quantum.QuantumToolkit.pulseFromQueue(QuantumToolkit.java:565)
	at com.sun.javafx.tk.quantum.QuantumToolkit.lambda$runToolkit$11(QuantumToolkit.java:352)
	at com.sun.glass.ui.InvokeLaterDispatcher$Future.run(InvokeLaterDispatcher.java:95)
	at com.sun.glass.ui.win.WinApplication._runLoop(Native Method)
	at com.sun.glass.ui.win.WinApplication.lambda$runLoop$3(WinApplication.java:185)
	at java.base/java.lang.Thread.run(Thread.java:1583)
Caused by: org.postgresql.util.PSQLException: ОШИБКА: столбец "machine_id" в таблице "notifications" не существует
  Позиция: 49
	at org.postgresql.core.v3.QueryExecutorImpl.receiveErrorResponse(QueryExecutorImpl.java:2712)
	at org.postgresql.core.v3.QueryExecutorImpl.processResults(QueryExecutorImpl.java:2400)
	at org.postgresql.core.v3.QueryExecutorImpl.execute(QueryExecutorImpl.java:367)
	at org.postgresql.jdbc.PgStatement.executeInternal(PgStatement.java:498)
	at org.postgresql.jdbc.PgStatement.execute(PgStatement.java:415)
	at org.postgresql.jdbc.PgPreparedStatement.executeWithFlags(PgPreparedStatement.java:190)
	at org.postgresql.jdbc.PgPreparedStatement.executeUpdate(PgPreparedStatement.java:152)
	at org.jetbrains.exposed.sql.statements.jdbc.JdbcPreparedStatementImpl.executeUpdate(JdbcPreparedStatementImpl.kt:55)
	at org.jetbrains.exposed.sql.statements.InsertStatement.execInsertFunction(InsertStatement.kt:158)
	at org.jetbrains.exposed.sql.statements.InsertStatement.executeInternal(InsertStatement.kt:168)
	at org.jetbrains.exposed.sql.statements.InsertStatement.executeInternal(InsertStatement.kt:18)
	at org.jetbrains.exposed.sql.statements.Statement.executeIn$exposed_core(Statement.kt:92)
	... 37 common frames omitted
2026-02-17 10:23:35.021 [JavaFX Application Thread] WARN  Exposed - Wait 0 milliseconds before retrying
2026-02-17 10:23:35.116 [JavaFX Application Thread] WARN  Exposed - Transaction attempt #2 failed: org.postgresql.util.PSQLException: ОШИБКА: столбец "machine_id" в таблице "notifications" не существует
  Позиция: 49. Statement(s): INSERT INTO notifications (created_at, is_read, machine_id, message, title, "type") VALUES (?, ?, ?, ?, ?, ?)
org.jetbrains.exposed.exceptions.ExposedSQLException: org.postgresql.util.PSQLException: ОШИБКА: столбец "machine_id" в таблице "notifications" не существует
  Позиция: 49
	at org.jetbrains.exposed.sql.statements.Statement.executeIn$exposed_core(Statement.kt:94)
	at org.jetbrains.exposed.sql.Transaction.exec(Transaction.kt:244)
	at org.jetbrains.exposed.sql.Transaction.exec(Transaction.kt:221)
	at org.jetbrains.exposed.sql.statements.Statement.execute(Statement.kt:55)
	at org.jetbrains.exposed.sql.QueriesKt.insert(Queries.kt:144)
	at com.vending.dao.NotificationDAO.create$lambda$6(DataDAOs.kt:236)
	at org.jetbrains.exposed.sql.transactions.ThreadLocalTransactionManagerKt.inTopLevelTransaction$run(ThreadLocalTransactionManager.kt:306)
	at org.jetbrains.exposed.sql.transactions.ThreadLocalTransactionManagerKt.access$inTopLevelTransaction$run(ThreadLocalTransactionManager.kt:1)
	at org.jetbrains.exposed.sql.transactions.ThreadLocalTransactionManagerKt$inTopLevelTransaction$1.invoke(ThreadLocalTransactionManager.kt:353)
	at org.jetbrains.exposed.sql.transactions.ThreadLocalTransactionManagerKt.keepAndRestoreTransactionRefAfterRun(ThreadLocalTransactionManager.kt:361)
	at org.jetbrains.exposed.sql.transactions.ThreadLocalTransactionManagerKt.inTopLevelTransaction(ThreadLocalTransactionManager.kt:352)
	at org.jetbrains.exposed.sql.transactions.ThreadLocalTransactionManagerKt$transaction$1.invoke(ThreadLocalTransactionManager.kt:261)
	at org.jetbrains.exposed.sql.transactions.ThreadLocalTransactionManagerKt.keepAndRestoreTransactionRefAfterRun(ThreadLocalTransactionManager.kt:361)
	at org.jetbrains.exposed.sql.transactions.ThreadLocalTransactionManagerKt.transaction(ThreadLocalTransactionManager.kt:231)
	at org.jetbrains.exposed.sql.transactions.ThreadLocalTransactionManagerKt.transaction(ThreadLocalTransactionManager.kt:209)
	at org.jetbrains.exposed.sql.transactions.ThreadLocalTransactionManagerKt.transaction$default(ThreadLocalTransactionManager.kt:208)
	at com.vending.dao.NotificationDAO.create(DataDAOs.kt:235)
	at com.vending.service.NotificationService.push(NotificationService.kt:56)
	at com.vending.service.NotificationService.startSimulation$lambda$15(NotificationService.kt:191)
	at com.sun.scenario.animation.shared.TimelineClipCore.visitKeyFrame(TimelineClipCore.java:239)
	at com.sun.scenario.animation.shared.TimelineClipCore.playTo(TimelineClipCore.java:180)
	at javafx.animation.Timeline.doPlayTo(Timeline.java:172)
	at javafx.animation.AnimationAccessorImpl.playTo(AnimationAccessorImpl.java:39)
	at com.sun.scenario.animation.shared.InfiniteClipEnvelope.timePulse(InfiniteClipEnvelope.java:104)
	at javafx.animation.Animation.doTimePulse(Animation.java:1189)
	at javafx.animation.Animation$1.lambda$timePulse$0(Animation.java:207)
	at java.base/java.security.AccessController.doPrivileged(AccessController.java:400)
	at javafx.animation.Animation$1.timePulse(Animation.java:206)
	at com.sun.scenario.animation.AbstractPrimaryTimer.timePulseImpl(AbstractPrimaryTimer.java:343)
	at com.sun.scenario.animation.AbstractPrimaryTimer$MainLoop.run(AbstractPrimaryTimer.java:266)
	at com.sun.javafx.tk.quantum.QuantumToolkit.pulse(QuantumToolkit.java:588)
	at com.sun.javafx.tk.quantum.QuantumToolkit.pulse(QuantumToolkit.java:572)
	at com.sun.javafx.tk.quantum.QuantumToolkit.pulseFromQueue(QuantumToolkit.java:565)
	at com.sun.javafx.tk.quantum.QuantumToolkit.lambda$runToolkit$11(QuantumToolkit.java:352)
	at com.sun.glass.ui.InvokeLaterDispatcher$Future.run(InvokeLaterDispatcher.java:95)
	at com.sun.glass.ui.win.WinApplication._runLoop(Native Method)
	at com.sun.glass.ui.win.WinApplication.lambda$runLoop$3(WinApplication.java:185)
	at java.base/java.lang.Thread.run(Thread.java:1583)
Caused by: org.postgresql.util.PSQLException: ОШИБКА: столбец "machine_id" в таблице "notifications" не существует
  Позиция: 49
	at org.postgresql.core.v3.QueryExecutorImpl.receiveErrorResponse(QueryExecutorImpl.java:2712)
	at org.postgresql.core.v3.QueryExecutorImpl.processResults(QueryExecutorImpl.java:2400)
	at org.postgresql.core.v3.QueryExecutorImpl.execute(QueryExecutorImpl.java:367)
	at org.postgresql.jdbc.PgStatement.executeInternal(PgStatement.java:498)
	at org.postgresql.jdbc.PgStatement.execute(PgStatement.java:415)
	at org.postgresql.jdbc.PgPreparedStatement.executeWithFlags(PgPreparedStatement.java:190)
	at org.postgresql.jdbc.PgPreparedStatement.executeUpdate(PgPreparedStatement.java:152)
	at org.jetbrains.exposed.sql.statements.jdbc.JdbcPreparedStatementImpl.executeUpdate(JdbcPreparedStatementImpl.kt:55)
	at org.jetbrains.exposed.sql.statements.InsertStatement.execInsertFunction(InsertStatement.kt:158)
	at org.jetbrains.exposed.sql.statements.InsertStatement.executeInternal(InsertStatement.kt:168)
	at org.jetbrains.exposed.sql.statements.InsertStatement.executeInternal(InsertStatement.kt:18)
	at org.jetbrains.exposed.sql.statements.Statement.executeIn$exposed_core(Statement.kt:92)
	... 37 common frames omitted
2026-02-17 10:23:35.116 [JavaFX Application Thread] WARN  com.vending.service.NotificationService - Could not save notification to DB: org.postgresql.util.PSQLException: ОШИБКА: столбец "machine_id" в таблице "notifications" не существует
  Позиция: 49
2026-02-17 10:23:49.035 [JavaFX Application Thread] WARN  Exposed - Transaction attempt #0 failed: org.postgresql.util.PSQLException: ОШИБКА: столбец "machine_id" в таблице "notifications" не существует
  Позиция: 49. Statement(s): INSERT INTO notifications (created_at, is_read, machine_id, message, title, "type") VALUES (?, ?, ?, ?, ?, ?)
org.jetbrains.exposed.exceptions.ExposedSQLException: org.postgresql.util.PSQLException: ОШИБКА: столбец "machine_id" в таблице "notifications" не существует
  Позиция: 49
	at org.jetbrains.exposed.sql.statements.Statement.executeIn$exposed_core(Statement.kt:94)
	at org.jetbrains.exposed.sql.Transaction.exec(Transaction.kt:244)
	at org.jetbrains.exposed.sql.Transaction.exec(Transaction.kt:221)
	at org.jetbrains.exposed.sql.statements.Statement.execute(Statement.kt:55)
	at org.jetbrains.exposed.sql.QueriesKt.insert(Queries.kt:144)
	at com.vending.dao.NotificationDAO.create$lambda$6(DataDAOs.kt:236)
	at org.jetbrains.exposed.sql.transactions.ThreadLocalTransactionManagerKt.inTopLevelTransaction$run(ThreadLocalTransactionManager.kt:306)
	at org.jetbrains.exposed.sql.transactions.ThreadLocalTransactionManagerKt.access$inTopLevelTransaction$run(ThreadLocalTransactionManager.kt:1)
	at org.jetbrains.exposed.sql.transactions.ThreadLocalTransactionManagerKt$inTopLevelTransaction$1.invoke(ThreadLocalTransactionManager.kt:353)
	at org.jetbrains.exposed.sql.transactions.ThreadLocalTransactionManagerKt.keepAndRestoreTransactionRefAfterRun(ThreadLocalTransactionManager.kt:361)
	at org.jetbrains.exposed.sql.transactions.ThreadLocalTransactionManagerKt.inTopLevelTransaction(ThreadLocalTransactionManager.kt:352)
	at org.jetbrains.exposed.sql.transactions.ThreadLocalTransactionManagerKt$transaction$1.invoke(ThreadLocalTransactionManager.kt:261)
	at org.jetbrains.exposed.sql.transactions.ThreadLocalTransactionManagerKt.keepAndRestoreTransactionRefAfterRun(ThreadLocalTransactionManager.kt:361)
	at org.jetbrains.exposed.sql.transactions.ThreadLocalTransactionManagerKt.transaction(ThreadLocalTransactionManager.kt:231)
	at org.jetbrains.exposed.sql.transactions.ThreadLocalTransactionManagerKt.transaction(ThreadLocalTransactionManager.kt:209)
	at org.jetbrains.exposed.sql.transactions.ThreadLocalTransactionManagerKt.transaction$default(ThreadLocalTransactionManager.kt:208)
	at com.vending.dao.NotificationDAO.create(DataDAOs.kt:235)
	at com.vending.service.NotificationService.push(NotificationService.kt:56)
	at com.vending.service.NotificationService.pushInfo(NotificationService.kt:46)
	at com.vending.service.NotificationService.pushInfo$default(NotificationService.kt:45)
	at com.vending.ui.MainView.buildTopBar$lambda$6$lambda$5(MainView.kt:70)
	at com.sun.javafx.event.CompositeEventHandler.dispatchBubblingEvent(CompositeEventHandler.java:86)
	at com.sun.javafx.event.EventHandlerManager.dispatchBubblingEvent(EventHandlerManager.java:232)
	at com.sun.javafx.event.EventHandlerManager.dispatchBubblingEvent(EventHandlerManager.java:189)
	at com.sun.javafx.event.CompositeEventDispatcher.dispatchBubblingEvent(CompositeEventDispatcher.java:59)
	at com.sun.javafx.event.BasicEventDispatcher.dispatchEvent(BasicEventDispatcher.java:58)
	at com.sun.javafx.event.EventDispatchChainImpl.dispatchEvent(EventDispatchChainImpl.java:114)
	at com.sun.javafx.event.BasicEventDispatcher.dispatchEvent(BasicEventDispatcher.java:56)
	at com.sun.javafx.event.EventDispatchChainImpl.dispatchEvent(EventDispatchChainImpl.java:114)
	at com.sun.javafx.event.BasicEventDispatcher.dispatchEvent(BasicEventDispatcher.java:56)
	at com.sun.javafx.event.EventDispatchChainImpl.dispatchEvent(EventDispatchChainImpl.java:114)
	at com.sun.javafx.event.EventUtil.fireEventImpl(EventUtil.java:74)
	at com.sun.javafx.event.EventUtil.fireEvent(EventUtil.java:49)
	at javafx.event.Event.fireEvent(Event.java:198)
	at javafx.scene.Node.fireEvent(Node.java:8875)
	at javafx.scene.control.Button.fire(Button.java:203)
	at com.sun.javafx.scene.control.behavior.ButtonBehavior.mouseReleased(ButtonBehavior.java:207)
	at com.sun.javafx.scene.control.inputmap.InputMap.handle(InputMap.java:274)
	at com.sun.javafx.event.CompositeEventHandler$NormalEventHandlerRecord.handleBubblingEvent(CompositeEventHandler.java:247)
	at com.sun.javafx.event.CompositeEventHandler.dispatchBubblingEvent(CompositeEventHandler.java:80)
	at com.sun.javafx.event.EventHandlerManager.dispatchBubblingEvent(EventHandlerManager.java:232)
	at com.sun.javafx.event.EventHandlerManager.dispatchBubblingEvent(EventHandlerManager.java:189)
	at com.sun.javafx.event.CompositeEventDispatcher.dispatchBubblingEvent(CompositeEventDispatcher.java:59)
	at com.sun.javafx.event.BasicEventDispatcher.dispatchEvent(BasicEventDispatcher.java:58)
	at com.sun.javafx.event.EventDispatchChainImpl.dispatchEvent(EventDispatchChainImpl.java:114)
	at com.sun.javafx.event.BasicEventDispatcher.dispatchEvent(BasicEventDispatcher.java:56)
	at com.sun.javafx.event.EventDispatchChainImpl.dispatchEvent(EventDispatchChainImpl.java:114)
	at com.sun.javafx.event.BasicEventDispatcher.dispatchEvent(BasicEventDispatcher.java:56)
	at com.sun.javafx.event.EventDispatchChainImpl.dispatchEvent(EventDispatchChainImpl.java:114)
	at com.sun.javafx.event.EventUtil.fireEventImpl(EventUtil.java:74)
	at com.sun.javafx.event.EventUtil.fireEvent(EventUtil.java:54)
	at javafx.event.Event.fireEvent(Event.java:198)
	at javafx.scene.Scene$MouseHandler.process(Scene.java:3984)
	at javafx.scene.Scene.processMouseEvent(Scene.java:1890)
	at javafx.scene.Scene$ScenePeerListener.mouseEvent(Scene.java:2708)
	at com.sun.javafx.tk.quantum.GlassViewEventHandler$MouseEventNotification.run(GlassViewEventHandler.java:411)
	at com.sun.javafx.tk.quantum.GlassViewEventHandler$MouseEventNotification.run(GlassViewEventHandler.java:301)
	at java.base/java.security.AccessController.doPrivileged(AccessController.java:400)
	at com.sun.javafx.tk.quantum.GlassViewEventHandler.lambda$handleMouseEvent$2(GlassViewEventHandler.java:450)
	at com.sun.javafx.tk.quantum.QuantumToolkit.runWithoutRenderLock(QuantumToolkit.java:424)
	at com.sun.javafx.tk.quantum.GlassViewEventHandler.handleMouseEvent(GlassViewEventHandler.java:449)
	at com.sun.glass.ui.View.handleMouseEvent(View.java:551)
	at com.sun.glass.ui.View.notifyMouse(View.java:937)
	at com.sun.glass.ui.win.WinApplication._runLoop(Native Method)
	at com.sun.glass.ui.win.WinApplication.lambda$runLoop$3(WinApplication.java:185)
	at java.base/java.lang.Thread.run(Thread.java:1583)
Caused by: org.postgresql.util.PSQLException: ОШИБКА: столбец "machine_id" в таблице "notifications" не существует
  Позиция: 49
	at org.postgresql.core.v3.QueryExecutorImpl.receiveErrorResponse(QueryExecutorImpl.java:2712)
	at org.postgresql.core.v3.QueryExecutorImpl.processResults(QueryExecutorImpl.java:2400)
	at org.postgresql.core.v3.QueryExecutorImpl.execute(QueryExecutorImpl.java:367)
	at org.postgresql.jdbc.PgStatement.executeInternal(PgStatement.java:498)
	at org.postgresql.jdbc.PgStatement.execute(PgStatement.java:415)
	at org.postgresql.jdbc.PgPreparedStatement.executeWithFlags(PgPreparedStatement.java:190)
	at org.postgresql.jdbc.PgPreparedStatement.executeUpdate(PgPreparedStatement.java:152)
	at org.jetbrains.exposed.sql.statements.jdbc.JdbcPreparedStatementImpl.executeUpdate(JdbcPreparedStatementImpl.kt:55)
	at org.jetbrains.exposed.sql.statements.InsertStatement.execInsertFunction(InsertStatement.kt:158)
	at org.jetbrains.exposed.sql.statements.InsertStatement.executeInternal(InsertStatement.kt:168)
	at org.jetbrains.exposed.sql.statements.InsertStatement.executeInternal(InsertStatement.kt:18)
	at org.jetbrains.exposed.sql.statements.Statement.executeIn$exposed_core(Statement.kt:92)
	... 65 common frames omitted
2026-02-17 10:23:49.036 [JavaFX Application Thread] WARN  Exposed - Wait 0 milliseconds before retrying
2026-02-17 10:23:49.122 [JavaFX Application Thread] WARN  Exposed - Transaction attempt #1 failed: org.postgresql.util.PSQLException: ОШИБКА: столбец "machine_id" в таблице "notifications" не существует
  Позиция: 49. Statement(s): INSERT INTO notifications (created_at, is_read, machine_id, message, title, "type") VALUES (?, ?, ?, ?, ?, ?)
org.jetbrains.exposed.exceptions.ExposedSQLException: org.postgresql.util.PSQLException: ОШИБКА: столбец "machine_id" в таблице "notifications" не существует
  Позиция: 49
	at org.jetbrains.exposed.sql.statements.Statement.executeIn$exposed_core(Statement.kt:94)
	at org.jetbrains.exposed.sql.Transaction.exec(Transaction.kt:244)
	at org.jetbrains.exposed.sql.Transaction.exec(Transaction.kt:221)
	at org.jetbrains.exposed.sql.statements.Statement.execute(Statement.kt:55)
	at org.jetbrains.exposed.sql.QueriesKt.insert(Queries.kt:144)
	at com.vending.dao.NotificationDAO.create$lambda$6(DataDAOs.kt:236)
	at org.jetbrains.exposed.sql.transactions.ThreadLocalTransactionManagerKt.inTopLevelTransaction$run(ThreadLocalTransactionManager.kt:306)
	at org.jetbrains.exposed.sql.transactions.ThreadLocalTransactionManagerKt.access$inTopLevelTransaction$run(ThreadLocalTransactionManager.kt:1)
	at org.jetbrains.exposed.sql.transactions.ThreadLocalTransactionManagerKt$inTopLevelTransaction$1.invoke(ThreadLocalTransactionManager.kt:353)
	at org.jetbrains.exposed.sql.transactions.ThreadLocalTransactionManagerKt.keepAndRestoreTransactionRefAfterRun(ThreadLocalTransactionManager.kt:361)
	at org.jetbrains.exposed.sql.transactions.ThreadLocalTransactionManagerKt.inTopLevelTransaction(ThreadLocalTransactionManager.kt:352)
	at org.jetbrains.exposed.sql.transactions.ThreadLocalTransactionManagerKt$transaction$1.invoke(ThreadLocalTransactionManager.kt:261)
	at org.jetbrains.exposed.sql.transactions.ThreadLocalTransactionManagerKt.keepAndRestoreTransactionRefAfterRun(ThreadLocalTransactionManager.kt:361)
	at org.jetbrains.exposed.sql.transactions.ThreadLocalTransactionManagerKt.transaction(ThreadLocalTransactionManager.kt:231)
	at org.jetbrains.exposed.sql.transactions.ThreadLocalTransactionManagerKt.transaction(ThreadLocalTransactionManager.kt:209)
	at org.jetbrains.exposed.sql.transactions.ThreadLocalTransactionManagerKt.transaction$default(ThreadLocalTransactionManager.kt:208)
	at com.vending.dao.NotificationDAO.create(DataDAOs.kt:235)
	at com.vending.service.NotificationService.push(NotificationService.kt:56)
	at com.vending.service.NotificationService.pushInfo(NotificationService.kt:46)
	at com.vending.service.NotificationService.pushInfo$default(NotificationService.kt:45)
	at com.vending.ui.MainView.buildTopBar$lambda$6$lambda$5(MainView.kt:70)
	at com.sun.javafx.event.CompositeEventHandler.dispatchBubblingEvent(CompositeEventHandler.java:86)
	at com.sun.javafx.event.EventHandlerManager.dispatchBubblingEvent(EventHandlerManager.java:232)
	at com.sun.javafx.event.EventHandlerManager.dispatchBubblingEvent(EventHandlerManager.java:189)
	at com.sun.javafx.event.CompositeEventDispatcher.dispatchBubblingEvent(CompositeEventDispatcher.java:59)
	at com.sun.javafx.event.BasicEventDispatcher.dispatchEvent(BasicEventDispatcher.java:58)
	at com.sun.javafx.event.EventDispatchChainImpl.dispatchEvent(EventDispatchChainImpl.java:114)
	at com.sun.javafx.event.BasicEventDispatcher.dispatchEvent(BasicEventDispatcher.java:56)
	at com.sun.javafx.event.EventDispatchChainImpl.dispatchEvent(EventDispatchChainImpl.java:114)
	at com.sun.javafx.event.BasicEventDispatcher.dispatchEvent(BasicEventDispatcher.java:56)
	at com.sun.javafx.event.EventDispatchChainImpl.dispatchEvent(EventDispatchChainImpl.java:114)
	at com.sun.javafx.event.EventUtil.fireEventImpl(EventUtil.java:74)
	at com.sun.javafx.event.EventUtil.fireEvent(EventUtil.java:49)
	at javafx.event.Event.fireEvent(Event.java:198)
	at javafx.scene.Node.fireEvent(Node.java:8875)
	at javafx.scene.control.Button.fire(Button.java:203)
	at com.sun.javafx.scene.control.behavior.ButtonBehavior.mouseReleased(ButtonBehavior.java:207)
	at com.sun.javafx.scene.control.inputmap.InputMap.handle(InputMap.java:274)
	at com.sun.javafx.event.CompositeEventHandler$NormalEventHandlerRecord.handleBubblingEvent(CompositeEventHandler.java:247)
	at com.sun.javafx.event.CompositeEventHandler.dispatchBubblingEvent(CompositeEventHandler.java:80)
	at com.sun.javafx.event.EventHandlerManager.dispatchBubblingEvent(EventHandlerManager.java:232)
	at com.sun.javafx.event.EventHandlerManager.dispatchBubblingEvent(EventHandlerManager.java:189)
	at com.sun.javafx.event.CompositeEventDispatcher.dispatchBubblingEvent(CompositeEventDispatcher.java:59)
	at com.sun.javafx.event.BasicEventDispatcher.dispatchEvent(BasicEventDispatcher.java:58)
	at com.sun.javafx.event.EventDispatchChainImpl.dispatchEvent(EventDispatchChainImpl.java:114)
	at com.sun.javafx.event.BasicEventDispatcher.dispatchEvent(BasicEventDispatcher.java:56)
	at com.sun.javafx.event.EventDispatchChainImpl.dispatchEvent(EventDispatchChainImpl.java:114)
	at com.sun.javafx.event.BasicEventDispatcher.dispatchEvent(BasicEventDispatcher.java:56)
	at com.sun.javafx.event.EventDispatchChainImpl.dispatchEvent(EventDispatchChainImpl.java:114)
	at com.sun.javafx.event.EventUtil.fireEventImpl(EventUtil.java:74)
	at com.sun.javafx.event.EventUtil.fireEvent(EventUtil.java:54)
	at javafx.event.Event.fireEvent(Event.java:198)
	at javafx.scene.Scene$MouseHandler.process(Scene.java:3984)
	at javafx.scene.Scene.processMouseEvent(Scene.java:1890)
	at javafx.scene.Scene$ScenePeerListener.mouseEvent(Scene.java:2708)
	at com.sun.javafx.tk.quantum.GlassViewEventHandler$MouseEventNotification.run(GlassViewEventHandler.java:411)
	at com.sun.javafx.tk.quantum.GlassViewEventHandler$MouseEventNotification.run(GlassViewEventHandler.java:301)
	at java.base/java.security.AccessController.doPrivileged(AccessController.java:400)
	at com.sun.javafx.tk.quantum.GlassViewEventHandler.lambda$handleMouseEvent$2(GlassViewEventHandler.java:450)
	at com.sun.javafx.tk.quantum.QuantumToolkit.runWithoutRenderLock(QuantumToolkit.java:424)
	at com.sun.javafx.tk.quantum.GlassViewEventHandler.handleMouseEvent(GlassViewEventHandler.java:449)
	at com.sun.glass.ui.View.handleMouseEvent(View.java:551)
	at com.sun.glass.ui.View.notifyMouse(View.java:937)
	at com.sun.glass.ui.win.WinApplication._runLoop(Native Method)
	at com.sun.glass.ui.win.WinApplication.lambda$runLoop$3(WinApplication.java:185)
	at java.base/java.lang.Thread.run(Thread.java:1583)
Caused by: org.postgresql.util.PSQLException: ОШИБКА: столбец "machine_id" в таблице "notifications" не существует
  Позиция: 49
	at org.postgresql.core.v3.QueryExecutorImpl.receiveErrorResponse(QueryExecutorImpl.java:2712)
	at org.postgresql.core.v3.QueryExecutorImpl.processResults(QueryExecutorImpl.java:2400)
	at org.postgresql.core.v3.QueryExecutorImpl.execute(QueryExecutorImpl.java:367)
	at org.postgresql.jdbc.PgStatement.executeInternal(PgStatement.java:498)
	at org.postgresql.jdbc.PgStatement.execute(PgStatement.java:415)
	at org.postgresql.jdbc.PgPreparedStatement.executeWithFlags(PgPreparedStatement.java:190)
	at org.postgresql.jdbc.PgPreparedStatement.executeUpdate(PgPreparedStatement.java:152)
	at org.jetbrains.exposed.sql.statements.jdbc.JdbcPreparedStatementImpl.executeUpdate(JdbcPreparedStatementImpl.kt:55)
	at org.jetbrains.exposed.sql.statements.InsertStatement.execInsertFunction(InsertStatement.kt:158)
	at org.jetbrains.exposed.sql.statements.InsertStatement.executeInternal(InsertStatement.kt:168)
	at org.jetbrains.exposed.sql.statements.InsertStatement.executeInternal(InsertStatement.kt:18)
	at org.jetbrains.exposed.sql.statements.Statement.executeIn$exposed_core(Statement.kt:92)
	... 65 common frames omitted
2026-02-17 10:23:49.123 [JavaFX Application Thread] WARN  Exposed - Wait 0 milliseconds before retrying
2026-02-17 10:23:49.208 [JavaFX Application Thread] WARN  Exposed - Transaction attempt #2 failed: org.postgresql.util.PSQLException: ОШИБКА: столбец "machine_id" в таблице "notifications" не существует
  Позиция: 49. Statement(s): INSERT INTO notifications (created_at, is_read, machine_id, message, title, "type") VALUES (?, ?, ?, ?, ?, ?)
org.jetbrains.exposed.exceptions.ExposedSQLException: org.postgresql.util.PSQLException: ОШИБКА: столбец "machine_id" в таблице "notifications" не существует
  Позиция: 49
	at org.jetbrains.exposed.sql.statements.Statement.executeIn$exposed_core(Statement.kt:94)
	at org.jetbrains.exposed.sql.Transaction.exec(Transaction.kt:244)
	at org.jetbrains.exposed.sql.Transaction.exec(Transaction.kt:221)
	at org.jetbrains.exposed.sql.statements.Statement.execute(Statement.kt:55)
	at org.jetbrains.exposed.sql.QueriesKt.insert(Queries.kt:144)
	at com.vending.dao.NotificationDAO.create$lambda$6(DataDAOs.kt:236)
	at org.jetbrains.exposed.sql.transactions.ThreadLocalTransactionManagerKt.inTopLevelTransaction$run(ThreadLocalTransactionManager.kt:306)
	at org.jetbrains.exposed.sql.transactions.ThreadLocalTransactionManagerKt.access$inTopLevelTransaction$run(ThreadLocalTransactionManager.kt:1)
	at org.jetbrains.exposed.sql.transactions.ThreadLocalTransactionManagerKt$inTopLevelTransaction$1.invoke(ThreadLocalTransactionManager.kt:353)
	at org.jetbrains.exposed.sql.transactions.ThreadLocalTransactionManagerKt.keepAndRestoreTransactionRefAfterRun(ThreadLocalTransactionManager.kt:361)
	at org.jetbrains.exposed.sql.transactions.ThreadLocalTransactionManagerKt.inTopLevelTransaction(ThreadLocalTransactionManager.kt:352)
	at org.jetbrains.exposed.sql.transactions.ThreadLocalTransactionManagerKt$transaction$1.invoke(ThreadLocalTransactionManager.kt:261)
	at org.jetbrains.exposed.sql.transactions.ThreadLocalTransactionManagerKt.keepAndRestoreTransactionRefAfterRun(ThreadLocalTransactionManager.kt:361)
	at org.jetbrains.exposed.sql.transactions.ThreadLocalTransactionManagerKt.transaction(ThreadLocalTransactionManager.kt:231)
	at org.jetbrains.exposed.sql.transactions.ThreadLocalTransactionManagerKt.transaction(ThreadLocalTransactionManager.kt:209)
	at org.jetbrains.exposed.sql.transactions.ThreadLocalTransactionManagerKt.transaction$default(ThreadLocalTransactionManager.kt:208)
	at com.vending.dao.NotificationDAO.create(DataDAOs.kt:235)
	at com.vending.service.NotificationService.push(NotificationService.kt:56)
	at com.vending.service.NotificationService.pushInfo(NotificationService.kt:46)
	at com.vending.service.NotificationService.pushInfo$default(NotificationService.kt:45)
	at com.vending.ui.MainView.buildTopBar$lambda$6$lambda$5(MainView.kt:70)
	at com.sun.javafx.event.CompositeEventHandler.dispatchBubblingEvent(CompositeEventHandler.java:86)
	at com.sun.javafx.event.EventHandlerManager.dispatchBubblingEvent(EventHandlerManager.java:232)
	at com.sun.javafx.event.EventHandlerManager.dispatchBubblingEvent(EventHandlerManager.java:189)
	at com.sun.javafx.event.CompositeEventDispatcher.dispatchBubblingEvent(CompositeEventDispatcher.java:59)
	at com.sun.javafx.event.BasicEventDispatcher.dispatchEvent(BasicEventDispatcher.java:58)
	at com.sun.javafx.event.EventDispatchChainImpl.dispatchEvent(EventDispatchChainImpl.java:114)
	at com.sun.javafx.event.BasicEventDispatcher.dispatchEvent(BasicEventDispatcher.java:56)
	at com.sun.javafx.event.EventDispatchChainImpl.dispatchEvent(EventDispatchChainImpl.java:114)
	at com.sun.javafx.event.BasicEventDispatcher.dispatchEvent(BasicEventDispatcher.java:56)
	at com.sun.javafx.event.EventDispatchChainImpl.dispatchEvent(EventDispatchChainImpl.java:114)
	at com.sun.javafx.event.EventUtil.fireEventImpl(EventUtil.java:74)
	at com.sun.javafx.event.EventUtil.fireEvent(EventUtil.java:49)
	at javafx.event.Event.fireEvent(Event.java:198)
	at javafx.scene.Node.fireEvent(Node.java:8875)
	at javafx.scene.control.Button.fire(Button.java:203)
	at com.sun.javafx.scene.control.behavior.ButtonBehavior.mouseReleased(ButtonBehavior.java:207)
	at com.sun.javafx.scene.control.inputmap.InputMap.handle(InputMap.java:274)
	at com.sun.javafx.event.CompositeEventHandler$NormalEventHandlerRecord.handleBubblingEvent(CompositeEventHandler.java:247)
	at com.sun.javafx.event.CompositeEventHandler.dispatchBubblingEvent(CompositeEventHandler.java:80)
	at com.sun.javafx.event.EventHandlerManager.dispatchBubblingEvent(EventHandlerManager.java:232)
	at com.sun.javafx.event.EventHandlerManager.dispatchBubblingEvent(EventHandlerManager.java:189)
	at com.sun.javafx.event.CompositeEventDispatcher.dispatchBubblingEvent(CompositeEventDispatcher.java:59)
	at com.sun.javafx.event.BasicEventDispatcher.dispatchEvent(BasicEventDispatcher.java:58)
	at com.sun.javafx.event.EventDispatchChainImpl.dispatchEvent(EventDispatchChainImpl.java:114)
	at com.sun.javafx.event.BasicEventDispatcher.dispatchEvent(BasicEventDispatcher.java:56)
	at com.sun.javafx.event.EventDispatchChainImpl.dispatchEvent(EventDispatchChainImpl.java:114)
	at com.sun.javafx.event.BasicEventDispatcher.dispatchEvent(BasicEventDispatcher.java:56)
	at com.sun.javafx.event.EventDispatchChainImpl.dispatchEvent(EventDispatchChainImpl.java:114)
	at com.sun.javafx.event.EventUtil.fireEventImpl(EventUtil.java:74)
	at com.sun.javafx.event.EventUtil.fireEvent(EventUtil.java:54)
	at javafx.event.Event.fireEvent(Event.java:198)
	at javafx.scene.Scene$MouseHandler.process(Scene.java:3984)
	at javafx.scene.Scene.processMouseEvent(Scene.java:1890)
	at javafx.scene.Scene$ScenePeerListener.mouseEvent(Scene.java:2708)
	at com.sun.javafx.tk.quantum.GlassViewEventHandler$MouseEventNotification.run(GlassViewEventHandler.java:411)
	at com.sun.javafx.tk.quantum.GlassViewEventHandler$MouseEventNotification.run(GlassViewEventHandler.java:301)
	at java.base/java.security.AccessController.doPrivileged(AccessController.java:400)
	at com.sun.javafx.tk.quantum.GlassViewEventHandler.lambda$handleMouseEvent$2(GlassViewEventHandler.java:450)
	at com.sun.javafx.tk.quantum.QuantumToolkit.runWithoutRenderLock(QuantumToolkit.java:424)
	at com.sun.javafx.tk.quantum.GlassViewEventHandler.handleMouseEvent(GlassViewEventHandler.java:449)
	at com.sun.glass.ui.View.handleMouseEvent(View.java:551)
	at com.sun.glass.ui.View.notifyMouse(View.java:937)
	at com.sun.glass.ui.win.WinApplication._runLoop(Native Method)
	at com.sun.glass.ui.win.WinApplication.lambda$runLoop$3(WinApplication.java:185)
	at java.base/java.lang.Thread.run(Thread.java:1583)
Caused by: org.postgresql.util.PSQLException: ОШИБКА: столбец "machine_id" в таблице "notifications" не существует
  Позиция: 49
	at org.postgresql.core.v3.QueryExecutorImpl.receiveErrorResponse(QueryExecutorImpl.java:2712)
	at org.postgresql.core.v3.QueryExecutorImpl.processResults(QueryExecutorImpl.java:2400)
	at org.postgresql.core.v3.QueryExecutorImpl.execute(QueryExecutorImpl.java:367)
	at org.postgresql.jdbc.PgStatement.executeInternal(PgStatement.java:498)
	at org.postgresql.jdbc.PgStatement.execute(PgStatement.java:415)
	at org.postgresql.jdbc.PgPreparedStatement.executeWithFlags(PgPreparedStatement.java:190)
	at org.postgresql.jdbc.PgPreparedStatement.executeUpdate(PgPreparedStatement.java:152)
	at org.jetbrains.exposed.sql.statements.jdbc.JdbcPreparedStatementImpl.executeUpdate(JdbcPreparedStatementImpl.kt:55)
	at org.jetbrains.exposed.sql.statements.InsertStatement.execInsertFunction(InsertStatement.kt:158)
	at org.jetbrains.exposed.sql.statements.InsertStatement.executeInternal(InsertStatement.kt:168)
	at org.jetbrains.exposed.sql.statements.InsertStatement.executeInternal(InsertStatement.kt:18)
	at org.jetbrains.exposed.sql.statements.Statement.executeIn$exposed_core(Statement.kt:92)
	... 65 common frames omitted
2026-02-17 10:23:49.209 [JavaFX Application Thread] WARN  com.vending.service.NotificationService - Could not save notification to DB: org.postgresql.util.PSQLException: ОШИБКА: столбец "machine_id" в таблице "notifications" не существует
  Позиция: 49
2026-02-17 10:23:51.573 [JavaFX Application Thread] WARN  Exposed - Transaction attempt #0 failed: org.postgresql.util.PSQLException: ОШИБКА: столбец "machine_id" в таблице "notifications" не существует
  Позиция: 49. Statement(s): INSERT INTO notifications (created_at, is_read, machine_id, message, title, "type") VALUES (?, ?, ?, ?, ?, ?)
org.jetbrains.exposed.exceptions.ExposedSQLException: org.postgresql.util.PSQLException: ОШИБКА: столбец "machine_id" в таблице "notifications" не существует
  Позиция: 49
	at org.jetbrains.exposed.sql.statements.Statement.executeIn$exposed_core(Statement.kt:94)
	at org.jetbrains.exposed.sql.Transaction.exec(Transaction.kt:244)
	at org.jetbrains.exposed.sql.Transaction.exec(Transaction.kt:221)
	at org.jetbrains.exposed.sql.statements.Statement.execute(Statement.kt:55)
	at org.jetbrains.exposed.sql.QueriesKt.insert(Queries.kt:144)
	at com.vending.dao.NotificationDAO.create$lambda$6(DataDAOs.kt:236)
	at org.jetbrains.exposed.sql.transactions.ThreadLocalTransactionManagerKt.inTopLevelTransaction$run(ThreadLocalTransactionManager.kt:306)
	at org.jetbrains.exposed.sql.transactions.ThreadLocalTransactionManagerKt.access$inTopLevelTransaction$run(ThreadLocalTransactionManager.kt:1)
	at org.jetbrains.exposed.sql.transactions.ThreadLocalTransactionManagerKt$inTopLevelTransaction$1.invoke(ThreadLocalTransactionManager.kt:353)
	at org.jetbrains.exposed.sql.transactions.ThreadLocalTransactionManagerKt.keepAndRestoreTransactionRefAfterRun(ThreadLocalTransactionManager.kt:361)
	at org.jetbrains.exposed.sql.transactions.ThreadLocalTransactionManagerKt.inTopLevelTransaction(ThreadLocalTransactionManager.kt:352)
	at org.jetbrains.exposed.sql.transactions.ThreadLocalTransactionManagerKt$transaction$1.invoke(ThreadLocalTransactionManager.kt:261)
	at org.jetbrains.exposed.sql.transactions.ThreadLocalTransactionManagerKt.keepAndRestoreTransactionRefAfterRun(ThreadLocalTransactionManager.kt:361)
	at org.jetbrains.exposed.sql.transactions.ThreadLocalTransactionManagerKt.transaction(ThreadLocalTransactionManager.kt:231)
	at org.jetbrains.exposed.sql.transactions.ThreadLocalTransactionManagerKt.transaction(ThreadLocalTransactionManager.kt:209)
	at org.jetbrains.exposed.sql.transactions.ThreadLocalTransactionManagerKt.transaction$default(ThreadLocalTransactionManager.kt:208)
	at com.vending.dao.NotificationDAO.create(DataDAOs.kt:235)
	at com.vending.service.NotificationService.push(NotificationService.kt:56)
	at com.vending.service.NotificationService.pushInfo(NotificationService.kt:46)
	at com.vending.service.NotificationService.pushInfo$default(NotificationService.kt:45)
	at com.vending.ui.MainView.buildTopBar$lambda$6$lambda$5(MainView.kt:70)
	at com.sun.javafx.event.CompositeEventHandler.dispatchBubblingEvent(CompositeEventHandler.java:86)
	at com.sun.javafx.event.EventHandlerManager.dispatchBubblingEvent(EventHandlerManager.java:232)
	at com.sun.javafx.event.EventHandlerManager.dispatchBubblingEvent(EventHandlerManager.java:189)
	at com.sun.javafx.event.CompositeEventDispatcher.dispatchBubblingEvent(CompositeEventDispatcher.java:59)
	at com.sun.javafx.event.BasicEventDispatcher.dispatchEvent(BasicEventDispatcher.java:58)
	at com.sun.javafx.event.EventDispatchChainImpl.dispatchEvent(EventDispatchChainImpl.java:114)
	at com.sun.javafx.event.BasicEventDispatcher.dispatchEvent(BasicEventDispatcher.java:56)
	at com.sun.javafx.event.EventDispatchChainImpl.dispatchEvent(EventDispatchChainImpl.java:114)
	at com.sun.javafx.event.BasicEventDispatcher.dispatchEvent(BasicEventDispatcher.java:56)
	at com.sun.javafx.event.EventDispatchChainImpl.dispatchEvent(EventDispatchChainImpl.java:114)
	at com.sun.javafx.event.EventUtil.fireEventImpl(EventUtil.java:74)
	at com.sun.javafx.event.EventUtil.fireEvent(EventUtil.java:49)
	at javafx.event.Event.fireEvent(Event.java:198)
	at javafx.scene.Node.fireEvent(Node.java:8875)
	at javafx.scene.control.Button.fire(Button.java:203)
	at com.sun.javafx.scene.control.behavior.ButtonBehavior.mouseReleased(ButtonBehavior.java:207)
	at com.sun.javafx.scene.control.inputmap.InputMap.handle(InputMap.java:274)
	at com.sun.javafx.event.CompositeEventHandler$NormalEventHandlerRecord.handleBubblingEvent(CompositeEventHandler.java:247)
	at com.sun.javafx.event.CompositeEventHandler.dispatchBubblingEvent(CompositeEventHandler.java:80)
	at com.sun.javafx.event.EventHandlerManager.dispatchBubblingEvent(EventHandlerManager.java:232)
	at com.sun.javafx.event.EventHandlerManager.dispatchBubblingEvent(EventHandlerManager.java:189)
	at com.sun.javafx.event.CompositeEventDispatcher.dispatchBubblingEvent(CompositeEventDispatcher.java:59)
	at com.sun.javafx.event.BasicEventDispatcher.dispatchEvent(BasicEventDispatcher.java:58)
	at com.sun.javafx.event.EventDispatchChainImpl.dispatchEvent(EventDispatchChainImpl.java:114)
	at com.sun.javafx.event.BasicEventDispatcher.dispatchEvent(BasicEventDispatcher.java:56)
	at com.sun.javafx.event.EventDispatchChainImpl.dispatchEvent(EventDispatchChainImpl.java:114)
	at com.sun.javafx.event.BasicEventDispatcher.dispatchEvent(BasicEventDispatcher.java:56)
	at com.sun.javafx.event.EventDispatchChainImpl.dispatchEvent(EventDispatchChainImpl.java:114)
	at com.sun.javafx.event.EventUtil.fireEventImpl(EventUtil.java:74)
	at com.sun.javafx.event.EventUtil.fireEvent(EventUtil.java:54)
	at javafx.event.Event.fireEvent(Event.java:198)
	at javafx.scene.Scene$MouseHandler.process(Scene.java:3984)
	at javafx.scene.Scene.processMouseEvent(Scene.java:1890)
	at javafx.scene.Scene$ScenePeerListener.mouseEvent(Scene.java:2708)
	at com.sun.javafx.tk.quantum.GlassViewEventHandler$MouseEventNotification.run(GlassViewEventHandler.java:411)
	at com.sun.javafx.tk.quantum.GlassViewEventHandler$MouseEventNotification.run(GlassViewEventHandler.java:301)
	at java.base/java.security.AccessController.doPrivileged(AccessController.java:400)
	at com.sun.javafx.tk.quantum.GlassViewEventHandler.lambda$handleMouseEvent$2(GlassViewEventHandler.java:450)
	at com.sun.javafx.tk.quantum.QuantumToolkit.runWithoutRenderLock(QuantumToolkit.java:424)
	at com.sun.javafx.tk.quantum.GlassViewEventHandler.handleMouseEvent(GlassViewEventHandler.java:449)
	at com.sun.glass.ui.View.handleMouseEvent(View.java:551)
	at com.sun.glass.ui.View.notifyMouse(View.java:937)
	at com.sun.glass.ui.win.WinApplication._runLoop(Native Method)
	at com.sun.glass.ui.win.WinApplication.lambda$runLoop$3(WinApplication.java:185)
	at java.base/java.lang.Thread.run(Thread.java:1583)
Caused by: org.postgresql.util.PSQLException: ОШИБКА: столбец "machine_id" в таблице "notifications" не существует
  Позиция: 49
	at org.postgresql.core.v3.QueryExecutorImpl.receiveErrorResponse(QueryExecutorImpl.java:2712)
	at org.postgresql.core.v3.QueryExecutorImpl.processResults(QueryExecutorImpl.java:2400)
	at org.postgresql.core.v3.QueryExecutorImpl.execute(QueryExecutorImpl.java:367)
	at org.postgresql.jdbc.PgStatement.executeInternal(PgStatement.java:498)
	at org.postgresql.jdbc.PgStatement.execute(PgStatement.java:415)
	at org.postgresql.jdbc.PgPreparedStatement.executeWithFlags(PgPreparedStatement.java:190)
	at org.postgresql.jdbc.PgPreparedStatement.executeUpdate(PgPreparedStatement.java:152)
	at org.jetbrains.exposed.sql.statements.jdbc.JdbcPreparedStatementImpl.executeUpdate(JdbcPreparedStatementImpl.kt:55)
	at org.jetbrains.exposed.sql.statements.InsertStatement.execInsertFunction(InsertStatement.kt:158)
	at org.jetbrains.exposed.sql.statements.InsertStatement.executeInternal(InsertStatement.kt:168)
	at org.jetbrains.exposed.sql.statements.InsertStatement.executeInternal(InsertStatement.kt:18)
	at org.jetbrains.exposed.sql.statements.Statement.executeIn$exposed_core(Statement.kt:92)
	... 65 common frames omitted
2026-02-17 10:23:51.574 [JavaFX Application Thread] WARN  Exposed - Wait 0 milliseconds before retrying
2026-02-17 10:23:51.661 [JavaFX Application Thread] WARN  Exposed - Transaction attempt #1 failed: org.postgresql.util.PSQLException: ОШИБКА: столбец "machine_id" в таблице "notifications" не существует
  Позиция: 49. Statement(s): INSERT INTO notifications (created_at, is_read, machine_id, message, title, "type") VALUES (?, ?, ?, ?, ?, ?)
org.jetbrains.exposed.exceptions.ExposedSQLException: org.postgresql.util.PSQLException: ОШИБКА: столбец "machine_id" в таблице "notifications" не существует
  Позиция: 49
	at org.jetbrains.exposed.sql.statements.Statement.executeIn$exposed_core(Statement.kt:94)
	at org.jetbrains.exposed.sql.Transaction.exec(Transaction.kt:244)
	at org.jetbrains.exposed.sql.Transaction.exec(Transaction.kt:221)
	at org.jetbrains.exposed.sql.statements.Statement.execute(Statement.kt:55)
	at org.jetbrains.exposed.sql.QueriesKt.insert(Queries.kt:144)
	at com.vending.dao.NotificationDAO.create$lambda$6(DataDAOs.kt:236)
	at org.jetbrains.exposed.sql.transactions.ThreadLocalTransactionManagerKt.inTopLevelTransaction$run(ThreadLocalTransactionManager.kt:306)
	at org.jetbrains.exposed.sql.transactions.ThreadLocalTransactionManagerKt.access$inTopLevelTransaction$run(ThreadLocalTransactionManager.kt:1)
	at org.jetbrains.exposed.sql.transactions.ThreadLocalTransactionManagerKt$inTopLevelTransaction$1.invoke(ThreadLocalTransactionManager.kt:353)
	at org.jetbrains.exposed.sql.transactions.ThreadLocalTransactionManagerKt.keepAndRestoreTransactionRefAfterRun(ThreadLocalTransactionManager.kt:361)
	at org.jetbrains.exposed.sql.transactions.ThreadLocalTransactionManagerKt.inTopLevelTransaction(ThreadLocalTransactionManager.kt:352)
	at org.jetbrains.exposed.sql.transactions.ThreadLocalTransactionManagerKt$transaction$1.invoke(ThreadLocalTransactionManager.kt:261)
	at org.jetbrains.exposed.sql.transactions.ThreadLocalTransactionManagerKt.keepAndRestoreTransactionRefAfterRun(ThreadLocalTransactionManager.kt:361)
	at org.jetbrains.exposed.sql.transactions.ThreadLocalTransactionManagerKt.transaction(ThreadLocalTransactionManager.kt:231)
	at org.jetbrains.exposed.sql.transactions.ThreadLocalTransactionManagerKt.transaction(ThreadLocalTransactionManager.kt:209)
	at org.jetbrains.exposed.sql.transactions.ThreadLocalTransactionManagerKt.transaction$default(ThreadLocalTransactionManager.kt:208)
	at com.vending.dao.NotificationDAO.create(DataDAOs.kt:235)
	at com.vending.service.NotificationService.push(NotificationService.kt:56)
	at com.vending.service.NotificationService.pushInfo(NotificationService.kt:46)
	at com.vending.service.NotificationService.pushInfo$default(NotificationService.kt:45)
	at com.vending.ui.MainView.buildTopBar$lambda$6$lambda$5(MainView.kt:70)
	at com.sun.javafx.event.CompositeEventHandler.dispatchBubblingEvent(CompositeEventHandler.java:86)
	at com.sun.javafx.event.EventHandlerManager.dispatchBubblingEvent(EventHandlerManager.java:232)
	at com.sun.javafx.event.EventHandlerManager.dispatchBubblingEvent(EventHandlerManager.java:189)
	at com.sun.javafx.event.CompositeEventDispatcher.dispatchBubblingEvent(CompositeEventDispatcher.java:59)
	at com.sun.javafx.event.BasicEventDispatcher.dispatchEvent(BasicEventDispatcher.java:58)
	at com.sun.javafx.event.EventDispatchChainImpl.dispatchEvent(EventDispatchChainImpl.java:114)
	at com.sun.javafx.event.BasicEventDispatcher.dispatchEvent(BasicEventDispatcher.java:56)
	at com.sun.javafx.event.EventDispatchChainImpl.dispatchEvent(EventDispatchChainImpl.java:114)
	at com.sun.javafx.event.BasicEventDispatcher.dispatchEvent(BasicEventDispatcher.java:56)
	at com.sun.javafx.event.EventDispatchChainImpl.dispatchEvent(EventDispatchChainImpl.java:114)
	at com.sun.javafx.event.EventUtil.fireEventImpl(EventUtil.java:74)
	at com.sun.javafx.event.EventUtil.fireEvent(EventUtil.java:49)
	at javafx.event.Event.fireEvent(Event.java:198)
	at javafx.scene.Node.fireEvent(Node.java:8875)
	at javafx.scene.control.Button.fire(Button.java:203)
	at com.sun.javafx.scene.control.behavior.ButtonBehavior.mouseReleased(ButtonBehavior.java:207)
	at com.sun.javafx.scene.control.inputmap.InputMap.handle(InputMap.java:274)
	at com.sun.javafx.event.CompositeEventHandler$NormalEventHandlerRecord.handleBubblingEvent(CompositeEventHandler.java:247)
	at com.sun.javafx.event.CompositeEventHandler.dispatchBubblingEvent(CompositeEventHandler.java:80)
	at com.sun.javafx.event.EventHandlerManager.dispatchBubblingEvent(EventHandlerManager.java:232)
	at com.sun.javafx.event.EventHandlerManager.dispatchBubblingEvent(EventHandlerManager.java:189)
	at com.sun.javafx.event.CompositeEventDispatcher.dispatchBubblingEvent(CompositeEventDispatcher.java:59)
	at com.sun.javafx.event.BasicEventDispatcher.dispatchEvent(BasicEventDispatcher.java:58)
	at com.sun.javafx.event.EventDispatchChainImpl.dispatchEvent(EventDispatchChainImpl.java:114)
	at com.sun.javafx.event.BasicEventDispatcher.dispatchEvent(BasicEventDispatcher.java:56)
	at com.sun.javafx.event.EventDispatchChainImpl.dispatchEvent(EventDispatchChainImpl.java:114)
	at com.sun.javafx.event.BasicEventDispatcher.dispatchEvent(BasicEventDispatcher.java:56)
	at com.sun.javafx.event.EventDispatchChainImpl.dispatchEvent(EventDispatchChainImpl.java:114)
	at com.sun.javafx.event.EventUtil.fireEventImpl(EventUtil.java:74)
	at com.sun.javafx.event.EventUtil.fireEvent(EventUtil.java:54)
	at javafx.event.Event.fireEvent(Event.java:198)
	at javafx.scene.Scene$MouseHandler.process(Scene.java:3984)
	at javafx.scene.Scene.processMouseEvent(Scene.java:1890)
	at javafx.scene.Scene$ScenePeerListener.mouseEvent(Scene.java:2708)
	at com.sun.javafx.tk.quantum.GlassViewEventHandler$MouseEventNotification.run(GlassViewEventHandler.java:411)
	at com.sun.javafx.tk.quantum.GlassViewEventHandler$MouseEventNotification.run(GlassViewEventHandler.java:301)
	at java.base/java.security.AccessController.doPrivileged(AccessController.java:400)
	at com.sun.javafx.tk.quantum.GlassViewEventHandler.lambda$handleMouseEvent$2(GlassViewEventHandler.java:450)
	at com.sun.javafx.tk.quantum.QuantumToolkit.runWithoutRenderLock(QuantumToolkit.java:424)
	at com.sun.javafx.tk.quantum.GlassViewEventHandler.handleMouseEvent(GlassViewEventHandler.java:449)
	at com.sun.glass.ui.View.handleMouseEvent(View.java:551)
	at com.sun.glass.ui.View.notifyMouse(View.java:937)
	at com.sun.glass.ui.win.WinApplication._runLoop(Native Method)
	at com.sun.glass.ui.win.WinApplication.lambda$runLoop$3(WinApplication.java:185)
	at java.base/java.lang.Thread.run(Thread.java:1583)
Caused by: org.postgresql.util.PSQLException: ОШИБКА: столбец "machine_id" в таблице "notifications" не существует
  Позиция: 49
	at org.postgresql.core.v3.QueryExecutorImpl.receiveErrorResponse(QueryExecutorImpl.java:2712)
	at org.postgresql.core.v3.QueryExecutorImpl.processResults(QueryExecutorImpl.java:2400)
	at org.postgresql.core.v3.QueryExecutorImpl.execute(QueryExecutorImpl.java:367)
	at org.postgresql.jdbc.PgStatement.executeInternal(PgStatement.java:498)
	at org.postgresql.jdbc.PgStatement.execute(PgStatement.java:415)
	at org.postgresql.jdbc.PgPreparedStatement.executeWithFlags(PgPreparedStatement.java:190)
	at org.postgresql.jdbc.PgPreparedStatement.executeUpdate(PgPreparedStatement.java:152)
	at org.jetbrains.exposed.sql.statements.jdbc.JdbcPreparedStatementImpl.executeUpdate(JdbcPreparedStatementImpl.kt:55)
	at org.jetbrains.exposed.sql.statements.InsertStatement.execInsertFunction(InsertStatement.kt:158)
	at org.jetbrains.exposed.sql.statements.InsertStatement.executeInternal(InsertStatement.kt:168)
	at org.jetbrains.exposed.sql.statements.InsertStatement.executeInternal(InsertStatement.kt:18)
	at org.jetbrains.exposed.sql.statements.Statement.executeIn$exposed_core(Statement.kt:92)
	... 65 common frames omitted
2026-02-17 10:23:51.662 [JavaFX Application Thread] WARN  Exposed - Wait 0 milliseconds before retrying
2026-02-17 10:23:51.756 [JavaFX Application Thread] WARN  Exposed - Transaction attempt #2 failed: org.postgresql.util.PSQLException: ОШИБКА: столбец "machine_id" в таблице "notifications" не существует
  Позиция: 49. Statement(s): INSERT INTO notifications (created_at, is_read, machine_id, message, title, "type") VALUES (?, ?, ?, ?, ?, ?)
org.jetbrains.exposed.exceptions.ExposedSQLException: org.postgresql.util.PSQLException: ОШИБКА: столбец "machine_id" в таблице "notifications" не существует
  Позиция: 49
	at org.jetbrains.exposed.sql.statements.Statement.executeIn$exposed_core(Statement.kt:94)
	at org.jetbrains.exposed.sql.Transaction.exec(Transaction.kt:244)
	at org.jetbrains.exposed.sql.Transaction.exec(Transaction.kt:221)
	at org.jetbrains.exposed.sql.statements.Statement.execute(Statement.kt:55)
	at org.jetbrains.exposed.sql.QueriesKt.insert(Queries.kt:144)
	at com.vending.dao.NotificationDAO.create$lambda$6(DataDAOs.kt:236)
	at org.jetbrains.exposed.sql.transactions.ThreadLocalTransactionManagerKt.inTopLevelTransaction$run(ThreadLocalTransactionManager.kt:306)
	at org.jetbrains.exposed.sql.transactions.ThreadLocalTransactionManagerKt.access$inTopLevelTransaction$run(ThreadLocalTransactionManager.kt:1)
	at org.jetbrains.exposed.sql.transactions.ThreadLocalTransactionManagerKt$inTopLevelTransaction$1.invoke(ThreadLocalTransactionManager.kt:353)
	at org.jetbrains.exposed.sql.transactions.ThreadLocalTransactionManagerKt.keepAndRestoreTransactionRefAfterRun(ThreadLocalTransactionManager.kt:361)
	at org.jetbrains.exposed.sql.transactions.ThreadLocalTransactionManagerKt.inTopLevelTransaction(ThreadLocalTransactionManager.kt:352)
	at org.jetbrains.exposed.sql.transactions.ThreadLocalTransactionManagerKt$transaction$1.invoke(ThreadLocalTransactionManager.kt:261)
	at org.jetbrains.exposed.sql.transactions.ThreadLocalTransactionManagerKt.keepAndRestoreTransactionRefAfterRun(ThreadLocalTransactionManager.kt:361)
	at org.jetbrains.exposed.sql.transactions.ThreadLocalTransactionManagerKt.transaction(ThreadLocalTransactionManager.kt:231)
	at org.jetbrains.exposed.sql.transactions.ThreadLocalTransactionManagerKt.transaction(ThreadLocalTransactionManager.kt:209)
	at org.jetbrains.exposed.sql.transactions.ThreadLocalTransactionManagerKt.transaction$default(ThreadLocalTransactionManager.kt:208)
	at com.vending.dao.NotificationDAO.create(DataDAOs.kt:235)
	at com.vending.service.NotificationService.push(NotificationService.kt:56)
	at com.vending.service.NotificationService.pushInfo(NotificationService.kt:46)
	at com.vending.service.NotificationService.pushInfo$default(NotificationService.kt:45)
	at com.vending.ui.MainView.buildTopBar$lambda$6$lambda$5(MainView.kt:70)
	at com.sun.javafx.event.CompositeEventHandler.dispatchBubblingEvent(CompositeEventHandler.java:86)
	at com.sun.javafx.event.EventHandlerManager.dispatchBubblingEvent(EventHandlerManager.java:232)
	at com.sun.javafx.event.EventHandlerManager.dispatchBubblingEvent(EventHandlerManager.java:189)
	at com.sun.javafx.event.CompositeEventDispatcher.dispatchBubblingEvent(CompositeEventDispatcher.java:59)
	at com.sun.javafx.event.BasicEventDispatcher.dispatchEvent(BasicEventDispatcher.java:58)
	at com.sun.javafx.event.EventDispatchChainImpl.dispatchEvent(EventDispatchChainImpl.java:114)
	at com.sun.javafx.event.BasicEventDispatcher.dispatchEvent(BasicEventDispatcher.java:56)
	at com.sun.javafx.event.EventDispatchChainImpl.dispatchEvent(EventDispatchChainImpl.java:114)
	at com.sun.javafx.event.BasicEventDispatcher.dispatchEvent(BasicEventDispatcher.java:56)
	at com.sun.javafx.event.EventDispatchChainImpl.dispatchEvent(EventDispatchChainImpl.java:114)
	at com.sun.javafx.event.EventUtil.fireEventImpl(EventUtil.java:74)
	at com.sun.javafx.event.EventUtil.fireEvent(EventUtil.java:49)
	at javafx.event.Event.fireEvent(Event.java:198)
	at javafx.scene.Node.fireEvent(Node.java:8875)
	at javafx.scene.control.Button.fire(Button.java:203)
	at com.sun.javafx.scene.control.behavior.ButtonBehavior.mouseReleased(ButtonBehavior.java:207)
	at com.sun.javafx.scene.control.inputmap.InputMap.handle(InputMap.java:274)
	at com.sun.javafx.event.CompositeEventHandler$NormalEventHandlerRecord.handleBubblingEvent(CompositeEventHandler.java:247)
	at com.sun.javafx.event.CompositeEventHandler.dispatchBubblingEvent(CompositeEventHandler.java:80)
	at com.sun.javafx.event.EventHandlerManager.dispatchBubblingEvent(EventHandlerManager.java:232)
	at com.sun.javafx.event.EventHandlerManager.dispatchBubblingEvent(EventHandlerManager.java:189)
	at com.sun.javafx.event.CompositeEventDispatcher.dispatchBubblingEvent(CompositeEventDispatcher.java:59)
	at com.sun.javafx.event.BasicEventDispatcher.dispatchEvent(BasicEventDispatcher.java:58)
	at com.sun.javafx.event.EventDispatchChainImpl.dispatchEvent(EventDispatchChainImpl.java:114)
	at com.sun.javafx.event.BasicEventDispatcher.dispatchEvent(BasicEventDispatcher.java:56)
	at com.sun.javafx.event.EventDispatchChainImpl.dispatchEvent(EventDispatchChainImpl.java:114)
	at com.sun.javafx.event.BasicEventDispatcher.dispatchEvent(BasicEventDispatcher.java:56)
	at com.sun.javafx.event.EventDispatchChainImpl.dispatchEvent(EventDispatchChainImpl.java:114)
	at com.sun.javafx.event.EventUtil.fireEventImpl(EventUtil.java:74)
	at com.sun.javafx.event.EventUtil.fireEvent(EventUtil.java:54)
	at javafx.event.Event.fireEvent(Event.java:198)
	at javafx.scene.Scene$MouseHandler.process(Scene.java:3984)
	at javafx.scene.Scene.processMouseEvent(Scene.java:1890)
	at javafx.scene.Scene$ScenePeerListener.mouseEvent(Scene.java:2708)
	at com.sun.javafx.tk.quantum.GlassViewEventHandler$MouseEventNotification.run(GlassViewEventHandler.java:411)
	at com.sun.javafx.tk.quantum.GlassViewEventHandler$MouseEventNotification.run(GlassViewEventHandler.java:301)
	at java.base/java.security.AccessController.doPrivileged(AccessController.java:400)
	at com.sun.javafx.tk.quantum.GlassViewEventHandler.lambda$handleMouseEvent$2(GlassViewEventHandler.java:450)
	at com.sun.javafx.tk.quantum.QuantumToolkit.runWithoutRenderLock(QuantumToolkit.java:424)
	at com.sun.javafx.tk.quantum.GlassViewEventHandler.handleMouseEvent(GlassViewEventHandler.java:449)
	at com.sun.glass.ui.View.handleMouseEvent(View.java:551)
	at com.sun.glass.ui.View.notifyMouse(View.java:937)
	at com.sun.glass.ui.win.WinApplication._runLoop(Native Method)
	at com.sun.glass.ui.win.WinApplication.lambda$runLoop$3(WinApplication.java:185)
	at java.base/java.lang.Thread.run(Thread.java:1583)
Caused by: org.postgresql.util.PSQLException: ОШИБКА: столбец "machine_id" в таблице "notifications" не существует
  Позиция: 49
	at org.postgresql.core.v3.QueryExecutorImpl.receiveErrorResponse(QueryExecutorImpl.java:2712)
	at org.postgresql.core.v3.QueryExecutorImpl.processResults(QueryExecutorImpl.java:2400)
	at org.postgresql.core.v3.QueryExecutorImpl.execute(QueryExecutorImpl.java:367)
	at org.postgresql.jdbc.PgStatement.executeInternal(PgStatement.java:498)
	at org.postgresql.jdbc.PgStatement.execute(PgStatement.java:415)
	at org.postgresql.jdbc.PgPreparedStatement.executeWithFlags(PgPreparedStatement.java:190)
	at org.postgresql.jdbc.PgPreparedStatement.executeUpdate(PgPreparedStatement.java:152)
	at org.jetbrains.exposed.sql.statements.jdbc.JdbcPreparedStatementImpl.executeUpdate(JdbcPreparedStatementImpl.kt:55)
	at org.jetbrains.exposed.sql.statements.InsertStatement.execInsertFunction(InsertStatement.kt:158)
	at org.jetbrains.exposed.sql.statements.InsertStatement.executeInternal(InsertStatement.kt:168)
	at org.jetbrains.exposed.sql.statements.InsertStatement.executeInternal(InsertStatement.kt:18)
	at org.jetbrains.exposed.sql.statements.Statement.executeIn$exposed_core(Statement.kt:92)
	... 65 common frames omitted
2026-02-17 10:23:51.758 [JavaFX Application Thread] WARN  com.vending.service.NotificationService - Could not save notification to DB: org.postgresql.util.PSQLException: ОШИБКА: столбец "machine_id" в таблице "notifications" не существует
  Позиция: 49
2026-02-17 10:24:04.923 [JavaFX Application Thread] WARN  Exposed - Transaction attempt #0 failed: org.postgresql.util.PSQLException: ОШИБКА: столбец "machine_id" в таблице "notifications" не существует
  Позиция: 49. Statement(s): INSERT INTO notifications (created_at, is_read, machine_id, message, title, "type") VALUES (?, ?, ?, ?, ?, ?)
org.jetbrains.exposed.exceptions.ExposedSQLException: org.postgresql.util.PSQLException: ОШИБКА: столбец "machine_id" в таблице "notifications" не существует
  Позиция: 49
	at org.jetbrains.exposed.sql.statements.Statement.executeIn$exposed_core(Statement.kt:94)
	at org.jetbrains.exposed.sql.Transaction.exec(Transaction.kt:244)
	at org.jetbrains.exposed.sql.Transaction.exec(Transaction.kt:221)
	at org.jetbrains.exposed.sql.statements.Statement.execute(Statement.kt:55)
	at org.jetbrains.exposed.sql.QueriesKt.insert(Queries.kt:144)
	at com.vending.dao.NotificationDAO.create$lambda$6(DataDAOs.kt:236)
	at org.jetbrains.exposed.sql.transactions.ThreadLocalTransactionManagerKt.inTopLevelTransaction$run(ThreadLocalTransactionManager.kt:306)
	at org.jetbrains.exposed.sql.transactions.ThreadLocalTransactionManagerKt.access$inTopLevelTransaction$run(ThreadLocalTransactionManager.kt:1)
	at org.jetbrains.exposed.sql.transactions.ThreadLocalTransactionManagerKt$inTopLevelTransaction$1.invoke(ThreadLocalTransactionManager.kt:353)
	at org.jetbrains.exposed.sql.transactions.ThreadLocalTransactionManagerKt.keepAndRestoreTransactionRefAfterRun(ThreadLocalTransactionManager.kt:361)
	at org.jetbrains.exposed.sql.transactions.ThreadLocalTransactionManagerKt.inTopLevelTransaction(ThreadLocalTransactionManager.kt:352)
	at org.jetbrains.exposed.sql.transactions.ThreadLocalTransactionManagerKt$transaction$1.invoke(ThreadLocalTransactionManager.kt:261)
	at org.jetbrains.exposed.sql.transactions.ThreadLocalTransactionManagerKt.keepAndRestoreTransactionRefAfterRun(ThreadLocalTransactionManager.kt:361)
	at org.jetbrains.exposed.sql.transactions.ThreadLocalTransactionManagerKt.transaction(ThreadLocalTransactionManager.kt:231)
	at org.jetbrains.exposed.sql.transactions.ThreadLocalTransactionManagerKt.transaction(ThreadLocalTransactionManager.kt:209)
	at org.jetbrains.exposed.sql.transactions.ThreadLocalTransactionManagerKt.transaction$default(ThreadLocalTransactionManager.kt:208)
	at com.vending.dao.NotificationDAO.create(DataDAOs.kt:235)
	at com.vending.service.NotificationService.push(NotificationService.kt:56)
	at com.vending.service.NotificationService.startSimulation$lambda$15(NotificationService.kt:191)
	at com.sun.scenario.animation.shared.TimelineClipCore.visitKeyFrame(TimelineClipCore.java:239)
	at com.sun.scenario.animation.shared.TimelineClipCore.playTo(TimelineClipCore.java:180)
	at javafx.animation.Timeline.doPlayTo(Timeline.java:172)
	at javafx.animation.AnimationAccessorImpl.playTo(AnimationAccessorImpl.java:39)
	at com.sun.scenario.animation.shared.InfiniteClipEnvelope.timePulse(InfiniteClipEnvelope.java:104)
	at javafx.animation.Animation.doTimePulse(Animation.java:1189)
	at javafx.animation.Animation$1.lambda$timePulse$0(Animation.java:207)
	at java.base/java.security.AccessController.doPrivileged(AccessController.java:400)
	at javafx.animation.Animation$1.timePulse(Animation.java:206)
	at com.sun.scenario.animation.AbstractPrimaryTimer.timePulseImpl(AbstractPrimaryTimer.java:343)
	at com.sun.scenario.animation.AbstractPrimaryTimer$MainLoop.run(AbstractPrimaryTimer.java:266)
	at com.sun.javafx.tk.quantum.QuantumToolkit.pulse(QuantumToolkit.java:588)
	at com.sun.javafx.tk.quantum.QuantumToolkit.pulse(QuantumToolkit.java:572)
	at com.sun.javafx.tk.quantum.QuantumToolkit.pulseFromQueue(QuantumToolkit.java:565)
	at com.sun.javafx.tk.quantum.QuantumToolkit.lambda$runToolkit$11(QuantumToolkit.java:352)
	at com.sun.glass.ui.InvokeLaterDispatcher$Future.run(InvokeLaterDispatcher.java:95)
	at com.sun.glass.ui.win.WinApplication._runLoop(Native Method)
	at com.sun.glass.ui.win.WinApplication.lambda$runLoop$3(WinApplication.java:185)
	at java.base/java.lang.Thread.run(Thread.java:1583)
Caused by: org.postgresql.util.PSQLException: ОШИБКА: столбец "machine_id" в таблице "notifications" не существует
  Позиция: 49
	at org.postgresql.core.v3.QueryExecutorImpl.receiveErrorResponse(QueryExecutorImpl.java:2712)
	at org.postgresql.core.v3.QueryExecutorImpl.processResults(QueryExecutorImpl.java:2400)
	at org.postgresql.core.v3.QueryExecutorImpl.execute(QueryExecutorImpl.java:367)
	at org.postgresql.jdbc.PgStatement.executeInternal(PgStatement.java:498)
	at org.postgresql.jdbc.PgStatement.execute(PgStatement.java:415)
	at org.postgresql.jdbc.PgPreparedStatement.executeWithFlags(PgPreparedStatement.java:190)
	at org.postgresql.jdbc.PgPreparedStatement.executeUpdate(PgPreparedStatement.java:152)
	at org.jetbrains.exposed.sql.statements.jdbc.JdbcPreparedStatementImpl.executeUpdate(JdbcPreparedStatementImpl.kt:55)
	at org.jetbrains.exposed.sql.statements.InsertStatement.execInsertFunction(InsertStatement.kt:158)
	at org.jetbrains.exposed.sql.statements.InsertStatement.executeInternal(InsertStatement.kt:168)
	at org.jetbrains.exposed.sql.statements.InsertStatement.executeInternal(InsertStatement.kt:18)
	at org.jetbrains.exposed.sql.statements.Statement.executeIn$exposed_core(Statement.kt:92)
	... 37 common frames omitted
2026-02-17 10:24:04.924 [JavaFX Application Thread] WARN  Exposed - Wait 0 milliseconds before retrying
2026-02-17 10:24:05.015 [JavaFX Application Thread] WARN  Exposed - Transaction attempt #1 failed: org.postgresql.util.PSQLException: ОШИБКА: столбец "machine_id" в таблице "notifications" не существует
  Позиция: 49. Statement(s): INSERT INTO notifications (created_at, is_read, machine_id, message, title, "type") VALUES (?, ?, ?, ?, ?, ?)
org.jetbrains.exposed.exceptions.ExposedSQLException: org.postgresql.util.PSQLException: ОШИБКА: столбец "machine_id" в таблице "notifications" не существует
  Позиция: 49
	at org.jetbrains.exposed.sql.statements.Statement.executeIn$exposed_core(Statement.kt:94)
	at org.jetbrains.exposed.sql.Transaction.exec(Transaction.kt:244)
	at org.jetbrains.exposed.sql.Transaction.exec(Transaction.kt:221)
	at org.jetbrains.exposed.sql.statements.Statement.execute(Statement.kt:55)
	at org.jetbrains.exposed.sql.QueriesKt.insert(Queries.kt:144)
	at com.vending.dao.NotificationDAO.create$lambda$6(DataDAOs.kt:236)
	at org.jetbrains.exposed.sql.transactions.ThreadLocalTransactionManagerKt.inTopLevelTransaction$run(ThreadLocalTransactionManager.kt:306)
	at org.jetbrains.exposed.sql.transactions.ThreadLocalTransactionManagerKt.access$inTopLevelTransaction$run(ThreadLocalTransactionManager.kt:1)
	at org.jetbrains.exposed.sql.transactions.ThreadLocalTransactionManagerKt$inTopLevelTransaction$1.invoke(ThreadLocalTransactionManager.kt:353)
	at org.jetbrains.exposed.sql.transactions.ThreadLocalTransactionManagerKt.keepAndRestoreTransactionRefAfterRun(ThreadLocalTransactionManager.kt:361)
	at org.jetbrains.exposed.sql.transactions.ThreadLocalTransactionManagerKt.inTopLevelTransaction(ThreadLocalTransactionManager.kt:352)
	at org.jetbrains.exposed.sql.transactions.ThreadLocalTransactionManagerKt$transaction$1.invoke(ThreadLocalTransactionManager.kt:261)
	at org.jetbrains.exposed.sql.transactions.ThreadLocalTransactionManagerKt.keepAndRestoreTransactionRefAfterRun(ThreadLocalTransactionManager.kt:361)
	at org.jetbrains.exposed.sql.transactions.ThreadLocalTransactionManagerKt.transaction(ThreadLocalTransactionManager.kt:231)
	at org.jetbrains.exposed.sql.transactions.ThreadLocalTransactionManagerKt.transaction(ThreadLocalTransactionManager.kt:209)
	at org.jetbrains.exposed.sql.transactions.ThreadLocalTransactionManagerKt.transaction$default(ThreadLocalTransactionManager.kt:208)
	at com.vending.dao.NotificationDAO.create(DataDAOs.kt:235)
	at com.vending.service.NotificationService.push(NotificationService.kt:56)
	at com.vending.service.NotificationService.startSimulation$lambda$15(NotificationService.kt:191)
	at com.sun.scenario.animation.shared.TimelineClipCore.visitKeyFrame(TimelineClipCore.java:239)
	at com.sun.scenario.animation.shared.TimelineClipCore.playTo(TimelineClipCore.java:180)
	at javafx.animation.Timeline.doPlayTo(Timeline.java:172)
	at javafx.animation.AnimationAccessorImpl.playTo(AnimationAccessorImpl.java:39)
	at com.sun.scenario.animation.shared.InfiniteClipEnvelope.timePulse(InfiniteClipEnvelope.java:104)
	at javafx.animation.Animation.doTimePulse(Animation.java:1189)
	at javafx.animation.Animation$1.lambda$timePulse$0(Animation.java:207)
	at java.base/java.security.AccessController.doPrivileged(AccessController.java:400)
	at javafx.animation.Animation$1.timePulse(Animation.java:206)
	at com.sun.scenario.animation.AbstractPrimaryTimer.timePulseImpl(AbstractPrimaryTimer.java:343)
	at com.sun.scenario.animation.AbstractPrimaryTimer$MainLoop.run(AbstractPrimaryTimer.java:266)
	at com.sun.javafx.tk.quantum.QuantumToolkit.pulse(QuantumToolkit.java:588)
	at com.sun.javafx.tk.quantum.QuantumToolkit.pulse(QuantumToolkit.java:572)
	at com.sun.javafx.tk.quantum.QuantumToolkit.pulseFromQueue(QuantumToolkit.java:565)
	at com.sun.javafx.tk.quantum.QuantumToolkit.lambda$runToolkit$11(QuantumToolkit.java:352)
	at com.sun.glass.ui.InvokeLaterDispatcher$Future.run(InvokeLaterDispatcher.java:95)
	at com.sun.glass.ui.win.WinApplication._runLoop(Native Method)
	at com.sun.glass.ui.win.WinApplication.lambda$runLoop$3(WinApplication.java:185)
	at java.base/java.lang.Thread.run(Thread.java:1583)
Caused by: org.postgresql.util.PSQLException: ОШИБКА: столбец "machine_id" в таблице "notifications" не существует
  Позиция: 49
	at org.postgresql.core.v3.QueryExecutorImpl.receiveErrorResponse(QueryExecutorImpl.java:2712)
	at org.postgresql.core.v3.QueryExecutorImpl.processResults(QueryExecutorImpl.java:2400)
	at org.postgresql.core.v3.QueryExecutorImpl.execute(QueryExecutorImpl.java:367)
	at org.postgresql.jdbc.PgStatement.executeInternal(PgStatement.java:498)
	at org.postgresql.jdbc.PgStatement.execute(PgStatement.java:415)
	at org.postgresql.jdbc.PgPreparedStatement.executeWithFlags(PgPreparedStatement.java:190)
	at org.postgresql.jdbc.PgPreparedStatement.executeUpdate(PgPreparedStatement.java:152)
	at org.jetbrains.exposed.sql.statements.jdbc.JdbcPreparedStatementImpl.executeUpdate(JdbcPreparedStatementImpl.kt:55)
	at org.jetbrains.exposed.sql.statements.InsertStatement.execInsertFunction(InsertStatement.kt:158)
	at org.jetbrains.exposed.sql.statements.InsertStatement.executeInternal(InsertStatement.kt:168)
	at org.jetbrains.exposed.sql.statements.InsertStatement.executeInternal(InsertStatement.kt:18)
	at org.jetbrains.exposed.sql.statements.Statement.executeIn$exposed_core(Statement.kt:92)
	... 37 common frames omitted
2026-02-17 10:24:05.049 [JavaFX Application Thread] WARN  Exposed - Wait 0 milliseconds before retrying
2026-02-17 10:24:05.142 [JavaFX Application Thread] WARN  Exposed - Transaction attempt #2 failed: org.postgresql.util.PSQLException: ОШИБКА: столбец "machine_id" в таблице "notifications" не существует
  Позиция: 49. Statement(s): INSERT INTO notifications (created_at, is_read, machine_id, message, title, "type") VALUES (?, ?, ?, ?, ?, ?)
org.jetbrains.exposed.exceptions.ExposedSQLException: org.postgresql.util.PSQLException: ОШИБКА: столбец "machine_id" в таблице "notifications" не существует
  Позиция: 49
	at org.jetbrains.exposed.sql.statements.Statement.executeIn$exposed_core(Statement.kt:94)
	at org.jetbrains.exposed.sql.Transaction.exec(Transaction.kt:244)
	at org.jetbrains.exposed.sql.Transaction.exec(Transaction.kt:221)
	at org.jetbrains.exposed.sql.statements.Statement.execute(Statement.kt:55)
	at org.jetbrains.exposed.sql.QueriesKt.insert(Queries.kt:144)
	at com.vending.dao.NotificationDAO.create$lambda$6(DataDAOs.kt:236)
	at org.jetbrains.exposed.sql.transactions.ThreadLocalTransactionManagerKt.inTopLevelTransaction$run(ThreadLocalTransactionManager.kt:306)
	at org.jetbrains.exposed.sql.transactions.ThreadLocalTransactionManagerKt.access$inTopLevelTransaction$run(ThreadLocalTransactionManager.kt:1)
	at org.jetbrains.exposed.sql.transactions.ThreadLocalTransactionManagerKt$inTopLevelTransaction$1.invoke(ThreadLocalTransactionManager.kt:353)
	at org.jetbrains.exposed.sql.transactions.ThreadLocalTransactionManagerKt.keepAndRestoreTransactionRefAfterRun(ThreadLocalTransactionManager.kt:361)
	at org.jetbrains.exposed.sql.transactions.ThreadLocalTransactionManagerKt.inTopLevelTransaction(ThreadLocalTransactionManager.kt:352)
	at org.jetbrains.exposed.sql.transactions.ThreadLocalTransactionManagerKt$transaction$1.invoke(ThreadLocalTransactionManager.kt:261)
	at org.jetbrains.exposed.sql.transactions.ThreadLocalTransactionManagerKt.keepAndRestoreTransactionRefAfterRun(ThreadLocalTransactionManager.kt:361)
	at org.jetbrains.exposed.sql.transactions.ThreadLocalTransactionManagerKt.transaction(ThreadLocalTransactionManager.kt:231)
	at org.jetbrains.exposed.sql.transactions.ThreadLocalTransactionManagerKt.transaction(ThreadLocalTransactionManager.kt:209)
	at org.jetbrains.exposed.sql.transactions.ThreadLocalTransactionManagerKt.transaction$default(ThreadLocalTransactionManager.kt:208)
	at com.vending.dao.NotificationDAO.create(DataDAOs.kt:235)
	at com.vending.service.NotificationService.push(NotificationService.kt:56)
	at com.vending.service.NotificationService.startSimulation$lambda$15(NotificationService.kt:191)
	at com.sun.scenario.animation.shared.TimelineClipCore.visitKeyFrame(TimelineClipCore.java:239)
	at com.sun.scenario.animation.shared.TimelineClipCore.playTo(TimelineClipCore.java:180)
	at javafx.animation.Timeline.doPlayTo(Timeline.java:172)
	at javafx.animation.AnimationAccessorImpl.playTo(AnimationAccessorImpl.java:39)
	at com.sun.scenario.animation.shared.InfiniteClipEnvelope.timePulse(InfiniteClipEnvelope.java:104)
	at javafx.animation.Animation.doTimePulse(Animation.java:1189)
	at javafx.animation.Animation$1.lambda$timePulse$0(Animation.java:207)
	at java.base/java.security.AccessController.doPrivileged(AccessController.java:400)
	at javafx.animation.Animation$1.timePulse(Animation.java:206)
	at com.sun.scenario.animation.AbstractPrimaryTimer.timePulseImpl(AbstractPrimaryTimer.java:343)
	at com.sun.scenario.animation.AbstractPrimaryTimer$MainLoop.run(AbstractPrimaryTimer.java:266)
	at com.sun.javafx.tk.quantum.QuantumToolkit.pulse(QuantumToolkit.java:588)
	at com.sun.javafx.tk.quantum.QuantumToolkit.pulse(QuantumToolkit.java:572)
	at com.sun.javafx.tk.quantum.QuantumToolkit.pulseFromQueue(QuantumToolkit.java:565)
	at com.sun.javafx.tk.quantum.QuantumToolkit.lambda$runToolkit$11(QuantumToolkit.java:352)
	at com.sun.glass.ui.InvokeLaterDispatcher$Future.run(InvokeLaterDispatcher.java:95)
	at com.sun.glass.ui.win.WinApplication._runLoop(Native Method)
	at com.sun.glass.ui.win.WinApplication.lambda$runLoop$3(WinApplication.java:185)
	at java.base/java.lang.Thread.run(Thread.java:1583)
Caused by: org.postgresql.util.PSQLException: ОШИБКА: столбец "machine_id" в таблице "notifications" не существует
  Позиция: 49
	at org.postgresql.core.v3.QueryExecutorImpl.receiveErrorResponse(QueryExecutorImpl.java:2712)
	at org.postgresql.core.v3.QueryExecutorImpl.processResults(QueryExecutorImpl.java:2400)
	at org.postgresql.core.v3.QueryExecutorImpl.execute(QueryExecutorImpl.java:367)
	at org.postgresql.jdbc.PgStatement.executeInternal(PgStatement.java:498)
	at org.postgresql.jdbc.PgStatement.execute(PgStatement.java:415)
	at org.postgresql.jdbc.PgPreparedStatement.executeWithFlags(PgPreparedStatement.java:190)
	at org.postgresql.jdbc.PgPreparedStatement.executeUpdate(PgPreparedStatement.java:152)
	at org.jetbrains.exposed.sql.statements.jdbc.JdbcPreparedStatementImpl.executeUpdate(JdbcPreparedStatementImpl.kt:55)
	at org.jetbrains.exposed.sql.statements.InsertStatement.execInsertFunction(InsertStatement.kt:158)
	at org.jetbrains.exposed.sql.statements.InsertStatement.executeInternal(InsertStatement.kt:168)
	at org.jetbrains.exposed.sql.statements.InsertStatement.executeInternal(InsertStatement.kt:18)
	at org.jetbrains.exposed.sql.statements.Statement.executeIn$exposed_core(Statement.kt:92)
	... 37 common frames omitted
2026-02-17 10:24:05.144 [JavaFX Application Thread] WARN  com.vending.service.NotificationService - Could not save notification to DB: org.postgresql.util.PSQLException: ОШИБКА: столбец "machine_id" в таблице "notifications" не существует
  Позиция: 49
2026-02-17 10:24:10.512 [JavaFX Application Thread] INFO  com.vending.service.AuthService - User admin@system.ru logged out
2026-02-17 10:24:26.817 [Thread-10] INFO  com.vending.service.AuthService - User admin@system.ru logged in successfully
